Season,Name,ISO
2012,Neftali Feliz,0.75
2012,Xavier Cedeno,0.128981355
2012,Miguel Batista,0.123133333
2012,Zach Phillips,0.32
2012,Dan Wheeler,0.262123076
2012,Rodrigo Lopez,0.2343
2012,Rafael Betancourt,0.140672727
2012,Derek Lowe,0.108665217
2012,Darren Oliver,0.080632338
2012,Daniel McCutchen,3
2012,Juan Cruz,0.128807407
2012,Kyle Farnsworth,0.065009803
2012,Will Ohman,0.198042574
2012,Kerry Wood,0.175233333
2012,Carlos Zambrano,0.045364383
2012,Leyson Septimo,0.176433333
2012,Brian Fuentes,0.226495121
2012,Fernando Rodney,0.034774418
2012,Tyson Brummett,0
2012,Jason Grilli,0.145730414
2012,Brad Penny,0.166696721
2012,Octavio Dotel,0.119422119
2012,Hector Ambriz,0.079411764
2012,Brad Lidge,0.264102564
2012,Roy Oswalt,0.170178723
2012,Jeremy Affeldt,0.088394514
2012,Jeremy Horst,0.084329357
2012,Mike MacDougal,0.076876923
2012,Rhiner Cruz,0.195784474
2012,Jamey Wright,0.061142696
2012,Grant Balfour,0.095218287
2012,LaTroy Hawkins,0.131026708
2012,J.C. Romero,0.269478947
2012,Scott Downs,0.105671428
2012,Randy Choate,0.055319148
2012,Mariano Rivera,0.1
2012,Sam Demel,0.1
2012,Scott Maine,0.16077647
2012,Brett Myers,0.157754618
2012,Vicente Padilla,0.194898989
2012,Randy Wolf,0.096153846
2012,Freddy Garcia,0.128187654
2012,Rafael Soriano,0.135278656
2012,Livan Hernandez,0.230349056
2012,Marco Estrada,0.099966666
2012,Joe Nathan,0.129842857
2012,Jerome Williams,0.207444444
2012,Robert Coello,0.3929
2012,Tommy Hunter,0.187153623
2012,Jason Isringhausen,0.177057142
2012,Francisco Cordero,0.234585714
2012,R.A. Dickey,0.6
2012,Adam Ottavino,0.136666666
2012,Brandon Lyon,0.11363133
2012,Pedro Beato,0.088933333
2012,Nick Hagadone,0.166842424
2012,Brian Omogrosso,0.172853086
2012,Andrew Bailey,0.151496969
2012,Charlie Furbush,0.102591925
2012,Joaquin Benoit,0.209832432
2012,Chad Durbin,0.168455555
2012,Guillermo Mota,0.2412
2012,Jon Rauch,0.16294186
2012,Oliver Perez,0.085424324
2012,Sandy Rosario,0.117635294
2012,DeWayne Wise,0
2012,Sean Doolittle,0.11870909
2012,Shane Loux,0.199103921
2012,Francisco Rodriguez,0.155392592
2012,Luis Ayala,0.137840268
2012,Jose Contreras,0.142156862
2012,Javier Lopez,0.098763503
2012,D.J. Carrasco,0.470629411
2012,Jose Valverde,0.116785271
2012,Kevin Correia,0.0739
2012,Chad Gaudin,0.146946387
2012,Kevin Gregg,0.164488372
2012,Michael Gonzalez,0.144445801
2012,J.J. Putz,0.112183168
2012,Matt Belisle,0.117984829
2012,Vinnie Chulk,0.159054545
2012,Shawn Camp,0.154341254
2012,Darnell McDonald,1
2012,Shawn Hill,0
2012,Sean Burnett,0.107615837
2012,David Aardsma,0.75
2012,Jason Frasor,0.199719512
2012,Matt Thornton,0.115328571
2012,Brian Bruney,0
2012,Frank Francisco,0.178714285
2012,Mike Adams,0.115415384
2012,Justin Germano,0.028585714
2012,Raul Valdes,0.0716
2012,Jeremy Hefner,0.208926804
2012,Tim Byrdak,0.1002
2012,Matt Guerrier,0.224604347
2012,Jose Veras,0.112619607
2012,Jeremy Guthrie,0.2447
2012,Chien-Ming Wang,0.287506976
2012,Heath Bell,0.148887096
2012,Alfredo Simon,0.128605084
2012,Chad Qualls,0.181398113
2012,Steve Edlefsen,0.111071428
2012,Joel Hanrahan,0.156821495
2012,Ronald Belisario,0.091977777
2012,Justin Hampson,0.070564516
2012,Roman Colon,0.1471
2012,Elvin Ramirez,0.151744444
2012,Brandon Gomes,0.179864705
2012,Joel Peralta,0.176310204
2012,Anthony Varvaro,0.16005
2012,Barry Enright,0.210547368
2012,Andrew Carignan,0.067730303
2012,Todd Coffey,0.14418169
2012,Lance Lynn,0.140070967
2012,Juan Perez,0.2692
2012,Joe Paterson,0.434756521
2012,Robert Carson,0.1851
2012,Wandy Rodriguez,-4.2858E-05
2012,Scott Atchison,0.072653191
2012,Brian Matusz,0.068218181
2012,Brett Cecil,0.050465217
2012,Joba Chamberlain,0.177844186
2012,Brian Sanches,0.451609677
2012,Joel Carreno,0.2083
2012,Carlos Marmol,0.11
2012,Manny Corpas,0.198245355
2012,Joe Savery,0.21108421
2012,Ross Detwiler,0.136354545
2012,Santiago Casilla,0.141465306
2012,Luis Avilan,0.0673375
2012,Jeff Locke,2.8571E-05
2012,Eduardo Sanchez,0.155451851
2012,Kenley Jansen,0.128936283
2012,Doug Slaten,0.091108695
2012,Duane Below,0.129961728
2012,Luis Mendoza,0.040524324
2012,Graham Godfrey,0.272772727
2012,Tony Watson,0.143198395
2012,Tim Collins,0.167992156
2012,Clayton Mortensen,0.181528476
2012,Will Harris,0.202345569
2012,Francisco Liriano,0.066666666
2012,Jose Valdez,0.102926086
2012,Josh Stinson,2.2222E-05
2012,Jean Machi,0.259218518
2012,Tyler Robertson,0.153540425
2012,Travis Blackley,0.110809523
2012,Zach Britton,0
2012,Josh Roenicke,0.157036585
2012,Jordan Walden,0.138713071
2012,Joe Smith,0.094020883
2012,Nate Adcock,0.159241414
2012,Hector Noesi,0.0714
2012,Chris Hatcher,0.237323728
2012,Darren O'Day,0.160304132
2012,Jairo Asencio,0.200012903
2012,Mitchell Boggs,0.083966037
2012,Cesar Ramos,0.06
2012,Drew Butera,0
2012,Jeff Mathis,0.3
2012,Jonathan Albaladejo,0.412130769
2012,David Pauley,0.146849315
2012,Josh Kinney,0.153121739
2012,Jim Johnson,0.0649
2012,Logan Ondrusek,0.156966183
2012,Joe Mather,0
2012,Brandon League,0.052054545
2012,Everett Teaford,0.126096551
2012,Chris Resop,0.126091467
2012,Chris Seddon,0.049403296
2012,Zach Duke,0.076961538
2012,Rubby de la Rosa,0
2012,Casey Fien,0.137325
2012,Joe Martinez,0.2
2012,Alex Hinshaw,0.254395495
2012,David Carpenter,0.172775524
2012,Edward Mujica,0.145885596
2012,Josh Outman,0.166688888
2012,Hector Santiago,0.174621925
2012,Steve Johnson,0.111363636
2012,Brian Duensing,0.073003773
2012,Alex Burnett,0.08697971
2012,Christian Garcia,0.190293023
2012,Pedro Strop,0.068433333
2012,Rafael Perez,0.18517037
2012,Junichi Tazawa,0.076413496
2012,Dan Runzler,0.0091
2012,James Russell,0.16825095
2012,Luke Gregerson,0.120975471
2012,Carlos Villanueva,0.170713821
2012,Jose Mijares,0.126742857
2012,Derek Holland,0.0625
2012,Jake Arrieta,0.208366666
2012,Rafael Dolis,0.200122222
2012,Enerio Del Rosario,0.171739534
2012,Wilton Lopez,0.104360655
2012,Brad Lincoln,0.177189361
2012,Micah Owings,0.142828571
2012,David Huff,0.095195238
2012,David Hernandez,0.092046031
2012,Mark Melancon,0.191781818
2012,Manny Parra,0.107994871
2012,Matt Albers,0.138467289
2012,Justin Wilson,0.15610909
2012,Scott Richmond,0.238128571
2012,Tyler Chatwood,0.299272413
2012,Craig Breslow,0.13124935
2012,Kameron Loe,0.168672727
2012,Josh Wall,0.210521052
2012,Michael Bowden,0.16258169
2012,Matt Palmer,0.464285714
2012,Randy Wells,0.237
2012,Clay Hensley,0.137797938
2012,Matt Lindstrom,0.073622222
2012,Bobby Korecky,0.75
2012,Joe Thatcher,0.099766666
2012,Sam LeCure,0.110923076
2012,Pat Neshek,0.165923529
2012,Nate Jones,0.101145038
2012,Brian Bogusevic,0.428542857
2012,Mickey Storey,0.144392982
2012,Jose Arredondo,0.159078378
2012,Sergio Santos,0.278947368
2012,Donnie Veal,0.066677777
2012,Jonathan Broxton,0.096588372
2012,Vinnie Pestano,0.14225625
2012,Matt Capps,0.163772413
2012,Rich Hill,0.111122222
2012,Jesse Crain,0.117635294
2012,Clay Rapada,0.084596296
2012,Kyle McClellan,0.1528
2012,Joe Blanton,0.5
2012,Peter Moylan,0.175433333
2012,Justin De Fratus,0.025628205
2012,Fernando Salas,0.140050224
2012,Fernando Abad,0.210563157
2012,Jake Diekman,0.095602803
2012,Kyle McPherson,0.100223809
2012,Dale Thayer,0.102421495
2012,Franklin Morales,0.083484955
2012,Rick VandenHurk,4.2857E-05
2012,Guillermo Moscoso,0.193186486
2012,Evan Meek,0.107755102
2012,Jeurys Familia,0.06245
2012,Victor Marte,0.189217964
2012,Alfredo Aceves,0.175322222
2012,Ernesto Frieri,0.136056521
2012,Brayan Villarreal,0.103396296
2012,Chris Perez,0.15676561
2012,Wade LeBlanc,0.178705405
2012,Blake Parker,0.333303703
2012,Vin Mazzaro,0.125025
2012,Wilmer Font,0
2012,Cristhian Martinez,0.153505536
2012,D.J. Mitchell,0.190509523
2012,Phillippe Aumont,0.044615094
2012,Luis Perdomo,0.098933333
2012,Jesse Chavez,0.2962
2012,Dana Eveland,0.133493023
2012,Tim Dillard,0.151664429
2012,James McDonald,2.5
2012,Boone Logan,0.160543902
2012,Maikel Cleto,0.394742105
2012,Phil Coke,0.165252054
2012,Jair Jurrjens,3.3333E-05
2012,Mitch Maier,3.3333E-05
2012,Tyler Clippard,0.138989962
2012,Jason Berken,0.888855555
2012,Josh Lueke,0.3125
2012,Eric O'Flaherty,0.077539024
2012,Jhan Marinez,0.0278
2012,Fautino De Los Santos,0.058788235
2012,Jason Motte,0.142239299
2012,Jeff Karstens,0.193107407
2012,Darin Downs,0.092147368
2012,Sean Marshall,0.075916877
2012,Wesley Wright,0.106658291
2012,Jonathan Papelbon,0.129929343
2012,Francisley Bueno,0.049907692
2012,Randall Delgado,0
2012,Takashi Saito,0.383313207
2012,Kelvin Herrera,0.095672151
2012,John Ely,0.109861538
2012,Kyle Kendrick,0.096123076
2012,Tom Gorzelanny,0.154263779
2012,Aaron Laffey,0.173084615
2012,Scott Feldman,0.073369565
2012,George Sherrill,0.666633333
2012,David Phelps,0.155677124
2012,Esmil Rogers,0.14256699
2012,Al Alburquerque,0.022255555
2012,Chris Archer,0.141304347
2012,Henry Rodriguez,0.138385714
2012,Stuart Pomeranz,0.12
2012,Luis Perez,0.102553846
2012,Rich Thompson,0.266666666
2012,Jeremy Accardo,0.187477304
2012,Kevin Jepsen,0.10595
2012,Steve Cishek,0.111170212
2012,Brian Wilson,0.2
2012,Michael Stutes,0.16
2012,Tom Koehler,0.264711764
2012,Marc Rzepczynski,0.150821229
2012,Pedro Figueroa,0.09461081
2012,Cory Burns,0.135790123
2012,Brad Brach,0.165194605
2012,Jim Henderson,0.078684955
2012,Craig Kimbrel,0.046493023
2012,Miguel Socolovich,0.190471428
2012,Luke Putkonen,0.099925396
2012,Andrew Miller,0.101166666
2012,Julio Teheran,-3.3334E-05
2012,Robbie Ross Jr.,0.091475105
2012,Sam Freeman,0.097624324
2012,Jeff Manship,0.194653932
2012,Collin Balester,0.289637313
2012,Martin Perez,0.130404347
2012,Bobby Cassevah,0.404278947
2012,Brandon Dickson,0.300033333
2012,Drew Storen,0.022971428
2012,Miguel Gonzalez,0.090881818
2012,Daniel Bard,0.470381818
2012,Ryan Mattheus,0.1746827
2012,Jonny Venters,0.109706194
2012,B.J. Rosenberg,0.221518918
2012,Greg Holland,0.103145161
2012,Evan Crawford,0.3774
2012,Craig Stammen,0.129690797
2012,Brad Ziegler,0.062819831
2012,Josh Collmenter,0.063060629
2012,Casey Janssen,0.130008849
2012,Deunte Heath,0.499966666
2012,Dan Otero,0.132066037
2012,Zach Stewart,0.221711764
2012,Javy Guerra,0.075525301
2012,J.A. Happ,0.08
2012,Mark Lowe,0.176058904
2012,Wade Davis,0.111012598
2012,Jim Miller,0.145611111
2012,Anthony Swarzak,0.160608759
2012,Ryan Webb,0.100742622
2012,Jack Egbert,0
2012,Mike Ekstrom,0.16875
2012,Scott Elbert,0.106433333
2012,Tommy Layne,0.051521311
2012,Kyle Waldrop,0.094164705
2012,Evan Scribner,0.132341176
2012,Collin McHugh,0.260873913
2012,Tommy Hottovy,0.277733333
2012,Jake McGee,0.07357868
2012,Nick Vincent,0.095766666
2012,Fernando Rodriguez,0.177725925
2012,Cory Wade,0.268795031
2012,Carlos Torres,0.127927748
2012,Chris Leroux,0.09650909
2012,Jeff Gray,0.202268899
2012,Wily Peralta,0
2012,Mike Fiers,0
2012,Shawn Kelley,0.159061904
2012,Jerry Blevins,0.14895
2012,Chris Schwinden,0.2
2012,Tyson Ross,0.095271428
2012,Josh Lindblom,0.191853231
2012,Andrew Taylor,0
2012,Cory Gearrin,0.109565753
2012,Frank Herrmann,0.134332835
2012,Chuckie Fick,0.224194505
2012,Anthony Bass,0.125714285
2012,Ramon Ramirez,0.117746808
2012,Eric Stults,0.0097
2012,Rob Johnson,0
2012,Thad Weber,0.13640909
2012,Glen Perkins,0.140376653
2012,Dan Jennings,0.164358904
2012,Michael Schwimer,0.157643902
2012,Bryan Shaw,0.1345
2012,Cole DeVries,0.333366666
2012,David Robertson,0.119917621
2012,J.P. Howell,0.162557142
2012,Huston Street,0.101207633
2012,Ross Ohlendorf,0.087752631
2012,Casey Coleman,0.201711627
2012,Tony Sipp,0.207138834
2012,Lucas Luetge,0.100481879
2012,Jared Burton,0.111117647
2012,A.J. Ramos,0.199971428
2012,Alberto Cabrera,0.12051282
2012,Troy Patton,0.120628229
2012,Brad Bergesen,0.147069724
2012,Steve Geltz,0.321428571
2012,Jordan Norberto,0.133929729
2012,Jenrry Mejia,0.250033333
2012,Jeff Beliveau,0.267855555
2012,Bill Bray,0.311618518
2012,Chris Carpenter,0.253754545
2012,Edgmer Escalona,0.258841379
2012,Philip Humber,0.273303508
2012,Luis Marte,0.180738554
2012,Paul Maholm,0
2012,Scott Barnes,0.152788888
2012,Manny Acosta,0.139294594
2012,Daniel Schlereth,0.441141176
2012,Eric Hacker,0.411805882
2012,Wade Miley,0.176452941
2012,Andrew Cashner,0.106734693
2012,Ryan Perry,0.303066666
2012,Antonio Bastardo,0.153412953
2012,Ryan Cook,0.097469565
2012,Matt Reynolds,0.235495067
2012,Jeanmar Gomez,0
2012,J.J. Hoover,0.109650943
2012,John Axford,0.160418045
2012,Zach Putnam,0.053571428
2012,Cody Eppley,0.098481502
2012,Jaye Chapman,0.1
2012,Lester Oliveros,0.166633333
2012,Koji Uehara,0.1305
2012,David Carpenter,0.163210526
2012,Chad Beck,0.21690303
2012,David Herndon,0.220833333
2012,Chris Davis,0.142871428
2012,Rob Scahill,0.0667
2012,Dylan Axelrod,0.169387755
2012,Patrick Corbin,0.099714285
2012,Jared Hughes,0.160516666
2012,Barret Browning,0.163460273
2012,Josh Tomlin,0.385890196
2012,Kris Medlen,0.085881818
2012,George Kontos,0.125188343
2012,Jeremy Jeffress,0.0833
2012,Andrew Carpenter,0.382335294
2012,Craig Gentry,0.166666666
2012,Mike McClendon,0.15485862
2012,Jose Ortega,0.333333333
2012,Mike Zagurski,0.204535294
2012,Louis Coleman,0.228050267
2012,Burke Badenhop,0.142061728
2012,Joe Kelly,0.087433333
2012,Garrett Richards,0.137566197
2012,Rex Brothers,0.141354183
2012,Miles Mikolas,0.164
2012,Sergio Romo,0.1068
2012,Michael Kirkman,0.152833333
2012,Garrett Olson,0.75
2012,Pedro Villarreal,0
2012,Justin Thomas,0.1989
2012,Matt Maloney,0.333469387
2012,Bobby Parnell,0.101427586
2012,Brandon Kintzler,0.107715384
2012,Mike Dunn,0.154045664
2012,Tom Wilhelmsen,0.101369863
2012,Alex White,0.192323076
2012,Hisanori Takahashi,0.224294871
2012,Dane de la Rosa,0.4
2012,Brad Boxberger,0.163838383
2012,Aaron Crow,0.075618803
2012,Shelby Miller,0.03222258
2012,Ryota Igarashi,0.142828571
2012,Aroldis Chapman,0.085206451
2012,Bryan Morris,0.0074
2012,Alexi Ogando,0.162189655
2012,Tanner Scheppers,0.184948175
2012,Erasmo Ramirez,0.125581395
2012,Chad Jenkins,0.150366666
2012,Aaron Loup,0.077471428
2012,Shawn Tolleson,0.1592
2012,Addison Reed,0.168406542
2012,Chris Sale,0
2012,Stephen Pryor,0.263947126
2012,Tyler Thornburg,0.193512903
2012,Trevor Rosenthal,0.0897
2012,Josh Edgin,0.197849462
2012,Josh Spence,0.093048837
2012,Jose Quintana,0.090863636
2012,Lendy Castillo,0.142628571
2012,Yoshinori Tateyama,0.2429
2012,Sam Dyson,0.3333
2012,Justin Grimm,0.098915384
2012,Drew Smyly,0.066633333
2012,Steve Delabar,0.214061344
2012,Cody Allen,0.096498165
2012,Nick Maronde,0.054347826
2012,Tony Cingrani,0.15
2012,Carter Capps,0.078233333
2012,Dylan Bundy,0
2012,Hisashi Iwakuma,0.207159459
2012,Paco Rodriguez,-3.6364E-05
2013,Neftali Feliz,-2.2223E-05
2013,Ramon Ortiz,0.369402702
2013,Xavier Cedeno,0.087755102
2013,Zach Phillips,0.053571428
2013,Erik Bedard,0.124975
2013,Rafael Betancourt,0.129011111
2013,Derek Lowe,0.230761538
2013,Darren Oliver,0.174929508
2013,Kyle Farnsworth,0.165531125
2013,Blake Beavan,0.157393103
2013,John McDonald,-3.3334E-05
2013,Jake Westbrook,0.179263636
2013,Fernando Rodney,0.113209163
2013,Ryan Dempster,0.1
2013,Jason Grilli,0.113403208
2013,Octavio Dotel,0.2083
2013,Hector Ambriz,0.211967532
2013,Roy Oswalt,0.144960869
2013,Jeremy Affeldt,0.092333333
2013,Jeremy Horst,0.1789
2013,Rhiner Cruz,0.157119512
2013,Jamey Wright,0.089348387
2013,Grant Balfour,0.117588412
2013,LaTroy Hawkins,0.111729739
2013,Bruce Chen,0.142390909
2013,Scott Downs,0.069523312
2013,Jose De La Torre,0.225314634
2013,Duke Welker,0
2013,Randy Choate,0.0529
2013,Mariano Rivera,0.113793495
2013,Kris Johnson,0.035685714
2013,Barry Zito,0.375033333
2013,Brett Myers,0.481488888
2013,Freddy Garcia,0.103780645
2013,Rafael Soriano,0.12065637
2013,Joe Nathan,0.066625225
2013,Jerome Williams,0.089545614
2013,Robert Coello,0.081475
2013,Tommy Hunter,0.135466771
2013,Adam Ottavino,0.107615068
2013,Brandon Lyon,0.174103007
2013,Pedro Beato,0.092993023
2013,Curtis Partch,0.367901234
2013,Blake Wood,0
2013,Evan Reed,0.127654838
2013,Nick Hagadone,0.152672477
2013,Brian Omogrosso,0.229708108
2013,Andrew Bailey,0.235110679
2013,Charlie Furbush,0.121852697
2013,Joaquin Benoit,0.112522689
2013,Chad Durbin,0.295657142
2013,Jon Rauch,0.123457142
2013,Felix Doubront,0.1429
2013,Oliver Perez,0.145534825
2013,Sandy Rosario,0.078629032
2013,Sean Doolittle,0.103316129
2013,Jamey Carroll,0
2013,Pedro Feliciano,0.202380952
2013,Francisco Rodriguez,0.198285714
2013,Luis Ayala,0.095296899
2013,Jose Contreras,0.1818
2013,Javier Lopez,0.104255555
2013,Jeremy Bonderman,0.2273
2013,Chris Capuano,0.013094117
2013,Jose Valverde,0.250042105
2013,Edgar Gonzalez,0.269264102
2013,Dan Haren,0
2013,Chad Gaudin,0.07268584
2013,Kevin Gregg,0.144965217
2013,Michael Gonzalez,0.209004878
2013,J.J. Putz,0.146323577
2013,Neal Cotts,0.0794
2013,Matt Belisle,0.137126855
2013,Chris Bootcheck,0
2013,Shawn Camp,0.316174468
2013,Sean Burnett,0.102941176
2013,David Aardsma,0.195768421
2013,Jason Frasor,0.11638418
2013,Matt Thornton,0.111378787
2013,Frank Francisco,0.090927272
2013,Mike Adams,0.189478947
2013,Justin Germano,0.416666666
2013,Raul Valdes,0.235079487
2013,Jeremy Hefner,1.2
2013,Ivan Nova,0.085102127
2013,Tim Byrdak,0.421010526
2013,Justin Masterson,3.3333E-05
2013,Matt Guerrier,0.132426415
2013,Jose Veras,0.125608849
2013,Heath Bell,0.199371698
2013,Chris Narveson,-4.2858E-05
2013,Sean Henn,0.3
2013,Alfredo Simon,0.127277987
2013,Chad Qualls,0.096812334
2013,Joel Hanrahan,0.444066666
2013,Ronald Belisario,0.102923574
2013,Ryan Raburn,0
2013,Brandon Gomes,0.242652054
2013,Joel Peralta,0.122982352
2013,Anthony Varvaro,0.091632374
2013,Hector Rondon,0.157966183
2013,Barry Enright,0.333333333
2013,Cory Rasmus,0.283861797
2013,Corey Kluber,0.052589473
2013,Juan Perez,0.113043478
2013,Joe Paterson,0
2013,Robert Carson,0.378525641
2013,Scott Atchison,0.102982485
2013,Brian Matusz,0.094555614
2013,Brett Cecil,0.114102283
2013,Joba Chamberlain,0.174804142
2013,Rick Porcello,0.071385714
2013,Scott Rice,0.067789385
2013,Carlos Marmol,0.166640449
2013,Manny Corpas,0.159243312
2013,Joe Savery,0.101369863
2013,Drake Britton,0.113966666
2013,Santiago Casilla,0.091318181
2013,Luis Avilan,0.045398245
2013,Eduardo Sanchez,0.220271428
2013,Kenley Jansen,0.09596273
2013,Duane Below,0.121833333
2013,Luis Mendoza,0.192123728
2013,Tony Watson,0.099873643
2013,Tim Collins,0.104283582
2013,Clayton Mortensen,0.1127
2013,Will Harris,0.102040816
2013,Zach Miner,0.159218918
2013,Josh Stinson,3.5135E-05
2013,Jean Machi,0.07844467
2013,Tyler Robertson,0.75
2013,Travis Blackley,0.25701603
2013,T.J. McFarland,0.129082456
2013,Zach Britton,4.2857E-05
2013,Josh Roenicke,0.159566666
2013,Juan Gutierrez,0.109168246
2013,Jordan Walden,0.11988305
2013,Roberto Hernandez,0.1071
2013,Joe Smith,0.098634782
2013,Hector Noesi,0.191706796
2013,Chris Hatcher,0.25
2013,Darren O'Day,0.13675
2013,Jairo Asencio,0.4
2013,Mitchell Boggs,0.248934408
2013,Cesar Ramos,0.122093023
2013,Ricky Romero,0.250033333
2013,Liam Hendriks,0.270866666
2013,Clayton Richard,-4.2858E-05
2013,Jim Johnson,0.092936363
2013,Logan Ondrusek,0.179128301
2013,Skip Schumaker,0.111144444
2013,Brandon League,0.165901769
2013,Everett Teaford,3.3333E-05
2013,Cesar Jimenez,0.139438709
2013,Chris Resop,0.1867
2013,Ricky Nolasco,3.3333E-05
2013,Zach Duke,0.164754545
2013,Brett Oberholtzer,0.303063636
2013,Rubby de la Rosa,0.1875
2013,Zeke Spruill,0.125
2013,Ethan Martin,0.148133333
2013,Casey Fien,0.145838766
2013,Joe Martinez,0.105289473
2013,David Carpenter,0.097648898
2013,Edward Mujica,0.171244897
2013,Edinson Volquez,0.25
2013,Allen Webster,0
2013,Josh Outman,0.089866985
2013,Yusmeiro Petit,0.190490476
2013,Hector Santiago,0.138059701
2013,Steve Johnson,0.219543902
2013,Eury De la Rosa,0.325471428
2013,Anthony Recker,0.75
2013,Brian Duensing,0.125466666
2013,Alex Burnett,0.166633333
2013,Pedro Strop,0.147767289
2013,Junichi Tazawa,0.188669696
2013,James Russell,0.204514507
2013,Luke Gregerson,0.103704564
2013,Carlos Villanueva,0.128802127
2013,Jose Mijares,0.144730143
2013,Rafael Dolis,0.157889473
2013,Wilton Lopez,0.1286
2013,Brad Lincoln,0.164066666
2013,David Huff,0.178849514
2013,David Hernandez,0.190633476
2013,Mark Melancon,0.04174052
2013,Manny Parra,0.14835238
2013,Matt Albers,0.069822033
2013,Justin Wilson,0.075984615
2013,Kyle Drabek,0.272763636
2013,Craig Breslow,0.118386046
2013,Jeremy Hellickson,0
2013,Kameron Loe,0.387124731
2013,Josh Wall,0.3526
2013,Michael Bowden,0.159459701
2013,Ross Wolf,0.081904347
2013,Jason Hammel,0.083333333
2013,Pedro Hernandez,0.238090476
2013,Matt Lindstrom,0.070791341
2013,Joe Thatcher,0.1186
2013,Dave Bush,0.857185714
2013,Sam LeCure,0.103244444
2013,Pat Neshek,0.180772955
2013,Jeff Francis,0.104216393
2013,Ramon Troncoso,0.151709401
2013,Nate Jones,0.11165448
2013,Mickey Storey,0.196111764
2013,Sergio Santos,0.098290476
2013,Donnie Veal,0.118145454
2013,Jonathan Broxton,0.155164912
2013,John Maine,0.218458823
2013,Vinnie Pestano,0.196566666
2013,Rich Hill,0.086137837
2013,Jesse Crain,0.053962318
2013,Clay Rapada,-4.2858E-05
2013,Kyle McClellan,0.278948484
2013,Joe Blanton,0.254344444
2013,Brandon Maurer,0.186072093
2013,Peter Moylan,0.190455555
2013,Alberto Gonzalez,0
2013,Justin De Fratus,0.120763218
2013,Fernando Salas,0.181328301
2013,Fernando Abad,0.096741935
2013,Jake Diekman,0.059955172
2013,Dale Thayer,0.140365289
2013,Josh Fields,0.256877304
2013,Franklin Morales,0.09094935
2013,Guillermo Moscoso,0.171457142
2013,Jeurys Familia,0.208704878
2013,Victor Marte,0.076915384
2013,Alfredo Aceves,0.357157142
2013,C.C. Lee,0.1528
2013,Ernesto Frieri,0.167992156
2013,Brayan Villarreal,0.433333333
2013,Chris Perez,0.250142253
2013,Wade LeBlanc,0.168123529
2013,Blake Parker,0.11988305
2013,Vin Mazzaro,0.079563768
2013,Wilmer Font,0
2013,Cristhian Martinez,0.0833
2013,Jose Alvarez,0.253228571
2013,Phillippe Aumont,0.093635897
2013,Brett Marshall,0.2174
2013,Jorge De Leon,0.177714634
2013,Brad Peacock,0.266633333
2013,Chia-Jen Lo,0.092655072
2013,Jesse Chavez,0.09577235
2013,Boone Logan,0.188285714
2013,Maikel Cleto,0.249966666
2013,Phil Coke,0.163589189
2013,Jair Jurrjens,0.222255555
2013,Ryan Brasier,0.107533333
2013,Tyler Clippard,0.128888524
2013,Greg Reynolds,0.363590909
2013,Josh Lueke,0.226575903
2013,Eric O'Flaherty,0.1279
2013,Bruce Rondon,0.145848148
2013,Gonzalez Germen,0.112783458
2013,Darin Downs,0.18027647
2013,Sean Marshall,4.7058E-05
2013,Wesley Wright,0.182513526
2013,Jonathan Papelbon,0.107664435
2013,Francisley Bueno,0.040671428
2013,Randall Delgado,0.4
2013,Kelvin Herrera,0.194758904
2013,David Murphy,0.25
2013,Logan Kensing,0
2013,Shaun Marcum,0.013942857
2013,Dellin Betances,0.166666666
2013,Tom Gorzelanny,0.116552845
2013,Aaron Laffey,0.571442857
2013,Trevor Cahill,0.142814285
2013,Greg Burke,0.173260869
2013,David Phelps,0.167563291
2013,Esmil Rogers,0.1523
2013,Al Alburquerque,0.121333333
2013,Henry Rodriguez,0.118937209
2013,Luis Perez,2.6315E-05
2013,Jake Odorizzi,0.142885714
2013,Jose Cisnero,0.182427745
2013,Stolmy Pimentel,0.0333
2013,Tim Stauffer,0.122119607
2013,Kevin Jepsen,0.145489655
2013,Steve Cishek,0.084636653
2013,Brian Wilson,0.044422222
2013,Donnie Joseph,0.0595
2013,Josh Zeid,0.1274
2013,Michael Stutes,0.121233333
2013,Tom Koehler,0.054089189
2013,Marc Rzepczynski,0.1191823
2013,Pedro Figueroa,0.466666666
2013,Cory Burns,0.130404347
2013,Brad Brach,0.133471428
2013,Carlos Carrasco,-4.4445E-05
2013,Jim Henderson,0.14180909
2013,Craig Kimbrel,0.08080851
2013,Luke Putkonen,0.111017391
2013,Cesar Cabral,-3.077E-05
2013,Shairon Martis,0.314314285
2013,Andrew Miller,0.080152173
2013,Robbie Ross Jr.,0.098724691
2013,Sam Freeman,0.0722
2013,Jeff Manship,0.222628571
2013,Joakim Soria,0.084817647
2013,Luke Hochevar,0.137785123
2013,Drew Storen,0.144207407
2013,Luis Garcia,0.157936842
2013,Ryan Pressly,0.117457597
2013,Miguel Gonzalez,0.2
2013,Alex Torres,0.066280597
2013,Daniel Bard,0
2013,Chris Withrow,0.123956198
2013,Ryan Mattheus,0.081275675
2013,B.J. Rosenberg,0.082405263
2013,Greg Holland,0.082263829
2013,Craig Stammen,0.107460402
2013,Jake Elmore,0
2013,Brad Ziegler,0.077938805
2013,Preston Guilmet,0.16
2013,Josh Collmenter,0.119641055
2013,Casey Janssen,0.100518134
2013,Deunte Heath,0.310306896
2013,Dan Otero,0.034710526
2013,Javy Guerra,0.113031914
2013,Mark Lowe,0.197460465
2013,Wade Davis,0.06245
2013,Phil Hughes,0
2013,Jim Miller,0.738066666
2013,Anthony Swarzak,0.114043417
2013,Ryan Webb,0.155759581
2013,Tommy Layne,0.139112903
2013,Jonathan Sanchez,0.909127272
2013,Evan Scribner,0.214943925
2013,Collin McHugh,0.499971428
2013,Lucas Harrell,0.154986092
2013,Jake McGee,0.149698712
2013,Nick Vincent,0.06620368
2013,Colt Hynes,0.216254054
2013,Justin Freeman,0.8
2013,Jordan Lyles,0.3
2013,Tommy Milone,0.3
2013,Carlos Torres,0.114289473
2013,Chris Leroux,0.199966666
2013,Mike Fiers,0.1583
2013,Bobby LaFromboise,0.054233333
2013,Hideki Okajima,0.315810526
2013,Shawn Kelley,0.190392079
2013,Jerry Blevins,0.16057037
2013,Tyson Ross,0.1141
2013,Josh Lindblom,0.071457142
2013,Cory Gearrin,0.1095
2013,Matt Daley,0.1
2013,Joe Ortiz,0.184544444
2013,Anthony Bass,0.164502325
2013,Ramon Ramirez,0.434523809
2013,Rob Johnson,0
2013,Thad Weber,0.185364705
2013,Paul Clemens,0.280891489
2013,Glen Perkins,0.112236073
2013,Will Smith,0.175
2013,Dan Jennings,0.140556862
2013,Stephen Fife,0.124966666
2013,Bryan Shaw,0.080066906
2013,Matt Langwell,0.185225925
2013,Neil Wagner,0.151366666
2013,Kevin Siegrist,0.067688721
2013,Steven Wright,0.044488888
2013,Cole DeVries,0.4667
2013,Josh Harrison,0
2013,Brett Anderson,0.123461728
2013,David Robertson,0.09892343
2013,J.P. Howell,0.072267889
2013,Billy Buckner,0.2714
2013,Sam Fuld,0
2013,Huston Street,0.21845169
2013,Ross Ohlendorf,0.108741176
2013,Tony Sipp,0.198206849
2013,JC Ramirez,0.286333333
2013,Lucas Luetge,0.129792957
2013,Jared Burton,0.132815873
2013,A.J. Ramos,0.099577854
2013,Alberto Cabrera,0.2083
2013,David Purcey,0.149548351
2013,Troy Patton,0.16737962
2013,Alfredo Figaro,0.166689417
2013,Erik Davis,0.146366666
2013,Buddy Boshers,0.055596296
2013,Danny Farquhar,0.081966502
2013,Jeff Beliveau,0.333366666
2013,Michael Kohn,0.183939393
2013,Rob Wooten,0.088157142
2013,Tyler Cloyd,0.100781818
2013,Edgmer Escalona,0.2249
2013,Philip Humber,0.318933333
2013,Dustin McGowan,0.13
2013,Scott Barnes,0.333357575
2013,Donovan Hand,0.076430434
2013,Tanner Roark,0.015305194
2013,Andrew Cashner,0.090930303
2013,Antonio Bastardo,0.112168421
2013,Ryan Cook,0.072513409
2013,Matt Reynolds,0.127284615
2013,David Martinez,0.292547619
2013,Mauricio Robles,0.045436363
2013,Arquimedes Caminero,0.125033333
2013,Adam Warren,0.167279182
2013,Jeanmar Gomez,0.091177108
2013,J.J. Hoover,0.149680851
2013,John Axford,0.16170625
2013,Zach Putnam,0.304077777
2013,Cody Eppley,0.125
2013,Brad Hand,0.037074074
2013,Charlie Leesman,0.121934146
2013,Tommy Hanson,0
2013,Sean O'Sullivan,0.102448484
2013,Charles Brewer,0.08
2013,Zach Clark,0.196428571
2013,Vic Black,0.108208955
2013,Koji Uehara,0.10775415
2013,Alex Wilson,0.128832432
2013,Simon Castro,0.139526086
2013,David Carpenter,0.999966666
2013,Rob Scahill,0.209659398
2013,Dylan Axelrod,0.237529787
2013,Michael Belfiore,1
2013,Jared Hughes,0.124848818
2013,Ryan Reid,0.170315384
2013,Josh Tomlin,0.0278
2013,Daniel Stange,0.428585714
2013,Kris Medlen,0.272763636
2013,Zac Rosscup,0.173947826
2013,Doug Fister,0
2013,Dallas Keuchel,0.188269565
2013,George Kontos,0.175504225
2013,Jeremy Jeffress,0.078973684
2013,Bud Norris,0.083366666
2013,Steven Ames,0.0846
2013,Jose Ortega,0.141436363
2013,Michael Blazek,0.168458823
2013,Vidal Nuno,0.285757142
2013,Mike Zagurski,0.169014285
2013,Casper Wells,0.125
2013,Louis Coleman,0.07040196
2013,Burke Badenhop,0.138649785
2013,Joe Kelly,0.151574149
2013,Garrett Richards,0.105816959
2013,Rex Brothers,0.099177049
2013,Miles Mikolas,0
2013,Sergio Romo,0.12533617
2013,Chaz Roe,0.172905063
2013,Michael Kirkman,0.175353535
2013,Chris Volstad,0.250018181
2013,Pedro Villarreal,0.333366666
2013,Kevin Slowey,0.075739393
2013,Bobby Parnell,0.089044444
2013,Brandon Kintzler,0.061580141
2013,Todd Redmond,0.122492307
2013,Mike Dunn,0.1073
2013,Tom Wilhelmsen,0.076960189
2013,Chris Dwyer,0
2013,Brooks Raley,0.192463265
2013,Johnny Hellweg,0.1667
2013,Ian Krol,0.214798113
2013,Caleb Thielbar,0.154792307
2013,Keith Butler,0.099677777
2013,Hisanori Takahashi,0.295454545
2013,Dane de la Rosa,0.06364375
2013,Brad Boxberger,0.173294736
2013,Aaron Crow,0.162014364
2013,Edgar Olmos,0.4167
2013,Aroldis Chapman,0.111855555
2013,Bryan Morris,0.145478723
2013,Alexi Ogando,0.101695238
2013,Tanner Scheppers,0.095963099
2013,Erasmo Ramirez,0
2013,Michael Tonkin,0.068227272
2013,Chad Jenkins,0.203
2013,Nick Christiani,0.262866666
2013,Aaron Loup,0.11138125
2013,Robbie Erlin,0.444477777
2013,Shawn Tolleson,0
2013,Yoervis Medina,0.108977049
2013,Preston Claiborne,0.160767346
2013,Jake Petricka,0.049144444
2013,Jimmy Nelson,0.0625
2013,Daniel Webb,0.005212195
2013,Addison Reed,0.118270498
2013,Chad Bettis,0.261128571
2013,Stephen Pryor,0
2013,Tyler Thornburg,0.071456321
2013,Trevor Rosenthal,0.098048936
2013,Josh Edgin,0.114440186
2013,Jake Dunning,0.114878651
2013,Kevin Chapman,0.089505633
2013,Tyler Lyons,0.09945
2013,Brandon Cumpton,0.022727272
2013,Yunesky Maya,0.999966666
2013,Drew Pomeranz,0
2013,Brandon Workman,0.211416666
2013,Jose Dominguez,0.028557142
2013,Mike Kickham,0.238309876
2013,Heath Hembree,0.037085185
2013,Carlos Martinez,0.058522222
2013,Sam Dyson,0.17465
2013,Nick Tepesch,0.058817647
2013,Justin Grimm,0.041666666
2013,Chance Ruffin,0.285747619
2013,Drew Smyly,0.118189045
2013,Steve Delabar,0.131281481
2013,Cody Allen,0.153399248
2013,Seth Maness,0.125997402
2013,Nick Maronde,0.2
2013,Tony Cingrani,0.107142857
2013,Sonny Gray,-4.2858E-05
2013,Burch Smith,0.238090476
2013,Carter Capps,0.214396694
2013,Paco Rodriguez,0.101895081
2013,Onelki Garcia,0.6
2013,Michael Roth,0.055425
2013,Alex Wood,0.066871232
2013,Michael Wacha,0.107692307
2013,Kevin Gausman,0.086756626
2013,Kyuji Fujikawa,0.152204347
2013,Chang-Yong Lim,0.105252631
2014,Neftali Feliz,0.150075229
2014,Xavier Cedeno,0.1667
2014,Erik Bedard,0.108966666
2014,Danny Worth,0.2
2014,Daniel McCutchen,0.333366666
2014,Kyle Farnsworth,0.166341284
2014,Adam Dunn,0
2014,Fernando Rodney,0.0808
2014,Jason Grilli,0.128387128
2014,Brad Penny,0.3258
2014,Hector Ambriz,1.4285E-05
2014,Jeremy Affeldt,0.075339024
2014,J.P. Arencibia,0
2014,Jamey Wright,0.084912451
2014,Grant Balfour,0.134657522
2014,LaTroy Hawkins,0.120828909
2014,Bruce Chen,0.212724137
2014,Scott Downs,0.137906896
2014,Randy Choate,0.075764566
2014,Scott Carroll,0.122175324
2014,Randy Wolf,0.055522222
2014,Joe Beimel,0.126775757
2014,Aaron Thompson,0.116957142
2014,Rafael Soriano,0.13291179
2014,Marco Estrada,0.132793251
2014,Joe Nathan,0.109681415
2014,Jerome Williams,0.179489795
2014,Tommy Hunter,0.1188
2014,Andrew Romine,1.000028571
2014,Adam Ottavino,0.147055465
2014,Pedro Beato,0
2014,Curtis Partch,-4.3479E-05
2014,Blake Wood,0.090927272
2014,Evan Reed,0.103100775
2014,Nick Hagadone,0.157247619
2014,Charlie Furbush,0.109451851
2014,Jason Lane,0.071457142
2014,Joaquin Benoit,0.099911827
2014,Felix Doubront,0.2679
2014,Jon Edwards,0.026978378
2014,Oliver Perez,0.135266063
2014,Sean Doolittle,0.095522222
2014,Lyle Overbay,0
2014,Francisco Rodriguez,0.19591255
2014,Javier Lopez,0.099756737
2014,Chris Capuano,0.15293492
2014,Jose Valverde,0.211717647
2014,Kevin Correia,0.311334782
2014,Kevin Gregg,0.277733333
2014,J.J. Putz,0.172381481
2014,Neal Cotts,0.135305058
2014,Matt Belisle,0.142136514
2014,Edwin Jackson,0
2014,Shawn Camp,0.3333
2014,Sean Burnett,3.3333E-05
2014,Jason Frasor,0.117729239
2014,Matt Thornton,0.051488888
2014,Frank Francisco,0.368442105
2014,Mike Adams,0.122426086
2014,Justin Germano,0.318873913
2014,Raul Valdes,0.5
2014,Buddy Carlyle,0.107934513
2014,Justin Masterson,0.0091
2014,Matt Guerrier,0.107227272
2014,Jose Veras,0.156688235
2014,Heath Bell,0.130145945
2014,Chad Qualls,0.11535098
2014,Ronald Belisario,0.088787878
2014,Blaine Boyer,0.138716107
2014,Brandon Gomes,0.16045238
2014,Joel Peralta,0.177699186
2014,Anthony Varvaro,0.136986138
2014,Hector Rondon,0.046898326
2014,Cory Rasmus,0.111035251
2014,Eric Surkamp,0.130066666
2014,Joe Paterson,0.5
2014,Scott Atchison,0.11530909
2014,Brian Matusz,0.188674509
2014,Brett Cecil,0.087044827
2014,Joba Chamberlain,0.084680257
2014,Rick Porcello,0.033333333
2014,Scott Rice,0.120846153
2014,Carlos Marmol,0.20000909
2014,Travis Snider,0.25
2014,Joe Savery,-1.4286E-05
2014,Ross Detwiler,0.111692116
2014,Drake Britton,0.08
2014,Santiago Casilla,0.072474747
2014,Luis Avilan,0.112143902
2014,Juan Oviedo,0.1769
2014,Zach McAllister,0.02
2014,Bruce Billings,0.4375
2014,Mitch Moreland,0
2014,Kenley Jansen,0.112433333
2014,Tony Watson,0.104310144
2014,Tim Collins,0.122364383
2014,Will Harris,0.172860747
2014,Chris Young,0
2014,Josh Stinson,0.169798113
2014,Jean Machi,0.143585714
2014,T.J. McFarland,0.095976525
2014,Zach Britton,0.075737984
2014,Ryan Rowland-Smith,0.066292307
2014,Juan Gutierrez,0.196213991
2014,Jordan Walden,0.06318757
2014,Roberto Hernandez,0.125
2014,Joe Smith,0.08620498
2014,Nate Adcock,0.18418421
2014,Anibal Sanchez,0
2014,Hector Noesi,0.3716
2014,Chris Hatcher,0.126146788
2014,Darren O'Day,0.122505809
2014,Cesar Ramos,0.106848717
2014,Ubaldo Jimenez,0.045472727
2014,Jumbo Diaz,0.138479365
2014,Drew Butera,0.571442857
2014,Kevin Whelan,0.857114285
2014,Andre Rienzo,0.328087804
2014,Danny Duffy,0.0387
2014,Carlos Frias,0.132634693
2014,Liam Hendriks,0.150541379
2014,Brian Schlitter,0.086437209
2014,Jim Johnson,0.126988018
2014,Logan Ondrusek,0.153086982
2014,Skip Schumaker,0
2014,Brandon League,0.056186324
2014,Cesar Jimenez,0.074389473
2014,Zach Duke,0.0783
2014,Rubby de la Rosa,1.4285E-05
2014,Zeke Spruill,0.0588
2014,Ethan Martin,0.214314285
2014,Casey Fien,0.162032786
2014,David Carpenter,0.098741176
2014,Edward Mujica,0.170874468
2014,Edinson Volquez,-4.2858E-05
2014,Josh Outman,0.202171428
2014,Yusmeiro Petit,0.068614285
2014,Hector Santiago,-2.9412E-05
2014,Eury De la Rosa,0.08511773
2014,Brian Duensing,0.154878048
2014,Pedro Strop,0.066336448
2014,Junichi Tazawa,0.134200826
2014,Erik Cordier,-8.696E-06
2014,James Russell,0.095322448
2014,Luke Gregerson,0.12450909
2014,Carlos Villanueva,0.140355299
2014,Derek Holland,2.7272E-05
2014,Wilton Lopez,0.328571428
2014,Brad Lincoln,0.499966666
2014,David Huff,0.092748275
2014,Mark Melancon,0.043647892
2014,Manny Parra,0.149439716
2014,Matt Albers,0.078905263
2014,Justin Wilson,0.103169955
2014,Aaron Poreda,0.179753932
2014,Kyle Drabek,0.090927272
2014,Craig Breslow,0.171682969
2014,Joe Saunders,0.416666666
2014,Brad Mills,0.65610909
2014,Josh Wall,0.232142857
2014,Steve Tolleson,0.25
2014,Jason Hammel,0
2014,Matt Lindstrom,0.179497122
2014,Bobby Korecky,0.076915384
2014,Joe Thatcher,0.139264227
2014,Sam LeCure,0.152423744
2014,Pat Neshek,0.0822
2014,Jeff Francis,0.168757142
2014,Nate Jones,0.5
2014,Sergio Santos,0.309706976
2014,Donnie Veal,0.141304347
2014,John Baker,0
2014,Jonathan Broxton,0.108584615
2014,Matt Shoemaker,0.280990909
2014,Vinnie Pestano,0.183955555
2014,Rich Hill,-1.8182E-05
2014,Brandon Maurer,0.079906293
2014,Justin De Fratus,0.135835643
2014,Fernando Salas,0.137530593
2014,Fernando Abad,0.079977319
2014,Jake Diekman,0.117142857
2014,Bo Schultz,0.187423529
2014,Dale Thayer,0.143123577
2014,Yohan Flande,0.065370588
2014,Josh Fields,0.102364251
2014,Franklin Morales,0.233827272
2014,Evan Meek,0.156733333
2014,Jeurys Familia,0.089426241
2014,Alfredo Aceves,0.275
2014,C.C. Lee,0.16329266
2014,Ernesto Frieri,0.261866666
2014,Chris Perez,0.189673652
2014,Wade LeBlanc,0.108889473
2014,Blake Parker,0.200844186
2014,Vin Mazzaro,0.184615384
2014,Samuel Deduno,0.118438709
2014,Jose Alvarez,3.3333E-05
2014,Phillippe Aumont,0.498817241
2014,Jorge De Leon,0.320689655
2014,Brad Peacock,0.048763414
2014,Pedro Baez,0.121982352
2014,Jesse Chavez,0.15705641
2014,Arodys Vizcaino,0.21048421
2014,Dana Eveland,0.104733333
2014,Boone Logan,0.2319
2014,Maikel Cleto,0.133914285
2014,Phil Coke,0.139300432
2014,Tyler Clippard,0.099
2014,Brooks Brown,0.1084
2014,Tim Lincecum,0.215116279
2014,Josh Lueke,0.209337007
2014,Eric O'Flaherty,0.139765753
2014,Jorge Rondon,0
2014,Jason Motte,0.258354545
2014,Gonzalez Germen,0.241526495
2014,Darin Downs,0.132638709
2014,Sean Marshall,0.143807692
2014,Leury Garcia,0.25
2014,Wesley Wright,0.078033333
2014,Jonathan Papelbon,0.057462711
2014,Francisley Bueno,0.16206923
2014,Randall Delgado,0.134801762
2014,Kelvin Herrera,0.054973015
2014,Joe Wieland,0.2096
2014,Juan Jaime,0.1308
2014,Scott Baker,0.203286092
2014,Dellin Betances,0.077025974
2014,Tom Gorzelanny,0.058847058
2014,Trevor Cahill,0.09650909
2014,David Phelps,0.211133333
2014,Esmil Rogers,0.20715432
2014,Al Alburquerque,0.125857142
2014,Ryan Feierabend,0.1471
2014,Henry Rodriguez,0.1667
2014,Trevor May,0.111144444
2014,Jose Cisnero,0.069
2014,Stolmy Pimentel,0.172608527
2014,Tim Stauffer,0.112028571
2014,Vance Worley,0.3
2014,Kevin Jepsen,0.086277777
2014,Steve Cishek,0.117738775
2014,Brian Wilson,0.144216402
2014,Donnie Joseph,0.571414285
2014,Blaine Hardy,0.046820279
2014,Josh Zeid,0.287389655
2014,Pat McCoy,0.09832295
2014,Marc Rzepczynski,0.08608538
2014,Pedro Figueroa,0.118588888
2014,Brad Brach,0.136346846
2014,Carlos Carrasco,0.085563057
2014,Jim Henderson,0.273477777
2014,Craig Kimbrel,0.049779245
2014,Alex Colome,0.253228571
2014,Luke Putkonen,0.6
2014,Cesar Cabral,2.8571E-05
2014,Andrew Miller,0.076851851
2014,Robbie Ross Jr.,0.1154
2014,Sam Freeman,0.065711111
2014,Jeff Manship,0.168118181
2014,Martin Maldonado,0
2014,Joakim Soria,0.132477192
2014,Drew Storen,0.06854878
2014,Luis Garcia,0.168181818
2014,Ryan Pressly,0.188203703
2014,Miguel Gonzalez,0.375
2014,Alex Torres,0.0756
2014,Eric Fornataro,0.083974358
2014,Trevor Bell,0.2857
2014,John Lannan,0.6316
2014,Daniel Hudson,0.153838461
2014,Chris Withrow,0.087771428
2014,Ryan Mattheus,0.100033333
2014,B.J. Rosenberg,0.3654
2014,Greg Holland,0.065744954
2014,Nick Masset,0.155576836
2014,Craig Stammen,0.120426148
2014,Brad Ziegler,0.132221052
2014,Preston Guilmet,0.2049
2014,Josh Collmenter,0.15625
2014,Chris Gimenez,0
2014,Casey Janssen,0.150155555
2014,Dan Otero,0.085153846
2014,Javy Guerra,0.122281437
2014,J.A. Happ,0.1643
2014,Austin Adams,0.206941379
2014,Mark Lowe,0.322
2014,Bradin Hagens,0.1364
2014,Wade Davis,0.028371428
2014,Jim Miller,0.714285714
2014,Anthony Swarzak,0.132553731
2014,Ryan Webb,0.073906217
2014,Mike Carp,0
2014,Scott Elbert,-5.883E-06
2014,Tommy Layne,0.078878787
2014,Evan Scribner,0.28263913
2014,Jake McGee,0.056594488
2014,Jarrett Grube,1.000033333
2014,Nick Vincent,0.138983919
2014,Fernando Rodriguez,0.032290322
2014,Tommy Milone,0
2014,Carlos Torres,0.159176744
2014,Chris Leroux,0.076884615
2014,Neil Ramirez,0.094981012
2014,David Holmberg,0.009091304
2014,Juan Nicasio,0.1733
2014,Mike Fiers,0.1692
2014,Bobby LaFromboise,0.2857
2014,Yoslan Herrera,0.102970588
2014,Shawn Kelley,0.132874358
2014,Daisuke Matsuzaka,0.1839875
2014,Hunter Strickland,0.04
2014,Jerry Blevins,0.096847619
2014,Christian Friedrich,0.061366666
2014,Matt Daley,0.304218518
2014,Matt West,0.058864705
2014,Anthony Bass,0.204512844
2014,Ramon Ramirez,0
2014,Paul Clemens,0.2308
2014,Glen Perkins,0.178166666
2014,Will Smith,0.154
2014,Dan Jennings,0.12105
2014,Bryan Shaw,0.115141134
2014,Neil Wagner,0.26218372
2014,Kevin Siegrist,0.196033333
2014,Nick Greenwood,0.162808527
2014,Steven Wright,0.112896774
2014,David Robertson,0.12901282
2014,J.P. Howell,0.075237869
2014,Huston Street,0.080400934
2014,Casey Coleman,0.061255102
2014,Tony Sipp,0.131816853
2014,Lucas Luetge,0.272745454
2014,Jared Burton,0.127445228
2014,A.J. Ramos,0.075663636
2014,Dean Anna,0.166666666
2014,Troy Patton,0.172375862
2014,Daniel Descalso,0
2014,Steve Geltz,0.3
2014,Alfredo Figaro,0.24324054
2014,Bryan Price,0.6875
2014,Jenrry Mejia,0.104313004
2014,Danny Farquhar,0.097093893
2014,Jeff Beliveau,0.060862921
2014,Michael Kohn,0.078748717
2014,Rob Wooten,0.104459124
2014,Justin Miller,0.246333333
2014,Dustin McGowan,0.192563291
2014,Paul Maholm,0.101730769
2014,Wilking Rodriguez,-3.3334E-05
2014,Antonio Bastardo,0.135777292
2014,Ryan Cook,0.124797701
2014,David Martinez,0.230776923
2014,Arquimedes Caminero,0.259255555
2014,Adam Warren,0.121233333
2014,Jeanmar Gomez,0.168466666
2014,J.J. Hoover,0.233635021
2014,John Axford,0.143735353
2014,Kirby Yates,0.133162773
2014,Zach Putnam,0.065321052
2014,Brad Hand,0.147115384
2014,T.J. House,0
2014,Sean O'Sullivan,0
2014,Lester Oliveros,0.358695652
2014,Kyle Lobstein,0.2095
2014,Vic Black,0.098487301
2014,Koji Uehara,0.17309322
2014,Alex Wilson,0.180137623
2014,David Carpenter,0
2014,Ryan Dennick,0.3667
2014,Daniel Corcino,0.500033333
2014,Rob Scahill,0.2258
2014,Dylan Axelrod,0
2014,Jared Hughes,0.084132735
2014,Brandon Morrow,0.124966666
2014,Josh Tomlin,0.204120408
2014,John Holdzkom,0.100033333
2014,Zac Rosscup,0.222181481
2014,Ryan Buchter,0
2014,Dan Straily,0.238047619
2014,George Kontos,0.096517543
2014,Jeremy Jeffress,0.068341176
2014,Jose Ortega,0
2014,Vidal Nuno,0.4714
2014,Louis Coleman,0.196174626
2014,Burke Badenhop,0.091290421
2014,David Hale,0.122429953
2014,Rex Brothers,0.153428318
2014,Sergio Romo,0.162307547
2014,Chaz Roe,0.477777777
2014,Michael Kirkman,0.105221052
2014,Chris Rusin,0.159638461
2014,Pedro Villarreal,0.117054716
2014,Kevin Slowey,0.171915126
2014,Bobby Parnell,0.2
2014,Brandon Kintzler,0.171541284
2014,Todd Redmond,0.143180575
2014,Mike Dunn,0.1171757
2014,Tom Wilhelmsen,0.109162068
2014,Taylor Thompson,0.217395652
2014,Tyler Matzek,0.6667
2014,Ian Krol,0.234031884
2014,Caleb Thielbar,0.136793406
2014,Keith Butler,0.25
2014,Dane de la Rosa,0.075
2014,Brad Boxberger,0.148869863
2014,Aaron Crow,0.192171428
2014,Jose Ramirez,0.225
2014,Melvin Mercedes,0
2014,Jacob Turner,0.113434146
2014,Shelby Miller,0.25
2014,Aroldis Chapman,0.053113793
2014,Bryan Morris,0.121274358
2014,Alexi Ogando,0.07917619
2014,Justin Marks,0.2
2014,Tanner Scheppers,0.411758823
2014,Chris Heston,0
2014,Roman Mendez,0.098665217
2014,Erasmo Ramirez,0.18745
2014,Michael Tonkin,0.162233333
2014,Chad Jenkins,0.108493023
2014,Nick Christiani,0.2247
2014,Edwin Escobar,0.142814285
2014,Aaron Loup,0.137848962
2014,Robbie Erlin,0.5833
2014,Carlos Contreras,0.134778947
2014,Shawn Tolleson,0.160529007
2014,Yoervis Medina,0.089985714
2014,Preston Claiborne,0.137566666
2014,Mario Hollands,0.112250561
2014,Jake Petricka,0.089549056
2014,Jimmy Nelson,0.1
2014,Daniel Webb,0.152996774
2014,Addison Reed,0.207217948
2014,Chad Bettis,0.223485585
2014,Seth Rosin,0.111144444
2014,Donn Roach,0.101623364
2014,Stephen Pryor,0.0333
2014,Tyler Thornburg,0.105874074
2014,Trevor Rosenthal,0.0870875
2014,Shane Greene,0
2014,Josh Edgin,0.105069072
2014,Jake Dunning,0
2014,Mike Foltynewicz,0.207793506
2014,Michael Mariot,0.130576923
2014,Chasen Shreve,0.048069565
2014,Jake Buchanan,0.086436363
2014,Chase Whitley,0.257913432
2014,Ben Rowen,0.0893
2014,Mike Bolsinger,0
2014,Eric Jokisch,0.1739
2014,C.J. Riefenhauser,0.047633333
2014,Casey Sadler,0.135534146
2014,Kevin Chapman,0.171029268
2014,Aaron Barrett,0.077633333
2014,Rob Rasmussen,0.097582926
2014,Logan Darnell,-4.2858E-05
2014,Lisalverto Bonilla,0.333333333
2014,Tyler Lyons,0.099761538
2014,Sean Nolin,0.75
2014,Brandon Cumpton,0.120988888
2014,Tommy Kahnle,0.133077419
2014,A.J. Achter,0.21743913
2014,Drew Pomeranz,0.1
2014,Brandon Workman,0.183004347
2014,Bryan Mitchell,0.105289473
2014,Robbie Ray,0.538476923
2014,Aaron Sanchez,0.039037614
2014,Jose Dominguez,0.346184615
2014,Mike Kickham,0.200033333
2014,Heath Hembree,0.18418421
2014,Carlos Martinez,0.104856603
2014,Sam Dyson,0.071481366
2014,Erik Goeddel,-3.6364E-05
2014,Nick Tepesch,0.25
2014,Justin Grimm,0.096857198
2014,Kyle Ryan,0.117664705
2014,Drew Smyly,9.09E-06
2014,Hector Neris,0
2014,Steve Delabar,0.160166666
2014,Taijuan Walker,0.105221052
2014,Chris Martin,0.199961538
2014,Yordano Ventura,-3.3334E-05
2014,Brett Bochy,0.272736363
2014,Scott Snodgress,0.1875
2014,Brian Flynn,0.153838461
2014,Yimi Garcia,0.171457142
2014,Matt Stites,0.22841496
2014,Cody Allen,0.140145161
2014,Seth Maness,0.126361016
2014,Aaron Brooks,0.4615
2014,Leonel Campos,0.069010344
2014,Evan Marshall,0.115859574
2014,Chris Bassitt,0
2014,Gus Schlosser,0.203485714
2014,Kevin Quackenbush,0.079978787
2014,Spencer Patton,0.030321212
2014,Drew Rucinski,0.064538709
2014,Taylor Hill,0.019641176
2014,Nick Maronde,0.278571428
2014,Tony Cingrani,0.07696923
2014,Blake Treinen,0.03274918
2014,Phil Klein,0.223859701
2014,Nick Martinez,0.077533333
2014,Rafael Montero,0.4
2014,Jairo Diaz,0.1095
2014,Carter Capps,0.067192307
2014,Matt Barnes,0.230477777
2014,Alex Claudio,0.08
2014,Ken Giles,0.068963157
2014,Anthony DeSclafani,0.045930303
2014,Frank Garces,0.1714
2014,Carson Smith,2.3076E-05
2014,Jesse Hahn,0.1625
2014,Daniel Coulombe,0.2
2014,Cam Bedrosian,0.141
2014,Paco Rodriguez,0.109266666
2014,R.J. Alvarez,0.004284615
2014,Marcus Stroman,0.21668372
2014,Mike Morin,0.102575229
2014,Daniel Norris,0.252761538
2014,Samuel Tuivailala,0.75
2014,Chad Smith,0.191538297
2014,Michael Roth,0.177338297
2014,Dominic Leone,0.116066666
2014,Alex Wood,0.142844444
2014,Ian Thomas,0.0369
2014,Shae Simmons,0.110331578
2014,Dario Alvarez,0.5
2014,Wei-Chung Wang,0.33739518
2014,Kyuji Fujikawa,0.114963636
2014,Buck Farmer,0.333344444
2014,Corey Knebel,0.111066666
2014,Kyle Crockett,0.114423853
2014,Andrew Heaney,0
2014,Marco Gonzales,0.237666666
2014,Kendall Graveman,0.111133333
2014,Miguel Gonzalez,0.192261538
2014,Brandon Finnegan,0.074096296
2015,Neftali Feliz,0.165432984
2015,Xavier Cedeno,0.086719075
2015,Rafael Betancourt,0.170982608
2015,Bartolo Colon,0.142814285
2015,Fernando Rodney,0.182771428
2015,Jason Grilli,0.133437209
2015,Jeremy Affeldt,0.163282312
2015,Grant Balfour,0.279166666
2015,LaTroy Hawkins,0.131684415
2015,Kyle Lohse,0.185919047
2015,Randy Choate,0.1014
2015,Scott Carroll,0.152573426
2015,Tim Hudson,0.125
2015,Barry Zito,0.6
2015,Randy Wolf,0.25
2015,Joe Beimel,0.182947398
2015,Aaron Thompson,0.109636363
2015,Ryan Vogelsong,0.193564197
2015,Rafael Soriano,0.375033333
2015,Ichiro Suzuki,0.4
2015,Marco Estrada,0.114271428
2015,Joe Nathan,0
2015,Jerome Williams,0.152114285
2015,Tommy Hunter,0.143647826
2015,Adam Ottavino,-5E-05
2015,Nick Hagadone,0.1321
2015,Andrew Bailey,0.220588235
2015,Charlie Furbush,0.096216216
2015,Joaquin Benoit,0.148109734
2015,Felix Doubront,0.148188888
2015,Jon Edwards,0.25274035
2015,Oliver Perez,0.12416319
2015,David Ross,0
2015,Sean Doolittle,0.122141176
2015,Francisco Rodriguez,0.13300796
2015,Javier Lopez,0.076374045
2015,Chris Capuano,0.189190476
2015,Chin-hui Tsao,0.382329411
2015,Kevin Gregg,0.206288888
2015,Neal Cotts,0.191679746
2015,Matt Belisle,0.0764375
2015,Edwin Jackson,0.118083168
2015,Jonny Gomes,1.1
2015,Ryan Madson,0.116177292
2015,David Aardsma,0.227128571
2015,Adam LaRoche,0
2015,Jason Frasor,0.10106923
2015,Matt Thornton,0.106602564
2015,Buddy Carlyle,0.121210344
2015,Justin Masterson,0.298203508
2015,Jeremy Guthrie,0.244527118
2015,Josh Wilson,0.75
2015,Adam Loewen,0.190788732
2015,Chris Narveson,0.2533
2015,Chad Qualls,0.157049462
2015,Ronald Belisario,0.09375
2015,Ryan Raburn,3.3333E-05
2015,Adam Wainwright,0.0833
2015,Blaine Boyer,0.136245901
2015,Brandon Gomes,0.194636936
2015,Joel Peralta,0.194677876
2015,Anthony Varvaro,0.111122222
2015,Hector Rondon,0.095919305
2015,Cory Rasmus,0.161706349
2015,Eric Surkamp,0.461530769
2015,Wandy Rodriguez,0.4118
2015,Jhoulys Chacin,0.25
2015,Scott Atchison,0.2945
2015,Brian Matusz,0.131188888
2015,Brett Cecil,0.112080808
2015,Joba Chamberlain,0.259196581
2015,Garrett Jones,0
2015,Jacob Brigham,0.174645205
2015,Ross Detwiler,0.183808163
2015,Santiago Casilla,0.13284074
2015,Luis Avilan,0.137834328
2015,Zach McAllister,0.117874193
2015,Josh Ravin,0.214309523
2015,Kenley Jansen,0.12417234
2015,Tony Watson,0.062725373
2015,Will Harris,0.122
2015,Chris Young,0.129452941
2015,Jean Machi,0.197681659
2015,T.J. McFarland,0.13527647
2015,Zach Britton,0.071414285
2015,Angel Castro,0.190011111
2015,Jordan Walden,0.059043243
2015,Roberto Hernandez,0.05629014
2015,Joe Smith,0.112421052
2015,Nate Adcock,0.241582352
2015,Hector Noesi,0.239113043
2015,Chris Hatcher,0.140849659
2015,Darren O'Day,0.085200421
2015,Matt Garza,0.068594117
2015,Cesar Ramos,0.079353807
2015,Jumbo Diaz,0.193148034
2015,Andre Rienzo,0.165191891
2015,Danny Duffy,3.1034E-05
2015,Carlos Frias,-2.7273E-05
2015,Liam Hendriks,0.091368292
2015,Clayton Richard,0.137272549
2015,Brian Schlitter,0.242460606
2015,Kyle Davies,0
2015,Jim Johnson,0.098961538
2015,Everett Teaford,0.15
2015,Cesar Jimenez,0.096404819
2015,Mat Latos,0.473642105
2015,Ricky Nolasco,0.5
2015,Zach Duke,0.184548148
2015,Gavin Floyd,0.04
2015,Enrique Burgos,0.107204761
2015,Casey Fien,0.13204918
2015,David Carpenter,0.215418279
2015,Edward Mujica,0.195809836
2015,Edinson Volquez,0
2015,Allen Webster,0.380966666
2015,Enny Romero,0.1169
2015,Marcus Hatley,0
2015,Yusmeiro Petit,0.20792388
2015,Hector Santiago,0.07696923
2015,Steve Johnson,0.375033333
2015,Brian Duensing,0.147790055
2015,Pedro Strop,0.105786266
2015,Junichi Tazawa,0.152034482
2015,Erik Cordier,0.1097
2015,James Russell,0.186851094
2015,Luke Gregerson,0.1085
2015,Carlos Villanueva,0.163628571
2015,Shane Robinson,0
2015,David Huff,4.4444E-05
2015,David Hernandez,0.195812403
2015,Mark Melancon,0.08510909
2015,Manny Parra,0.122065289
2015,Matt Albers,0.100529411
2015,Justin Wilson,0.088390909
2015,Kyle Drabek,0.166666666
2015,Craig Breslow,0.212457746
2015,Chris Denorfia,0
2015,Jon Niese,-2.8572E-05
2015,Mitchell Harris,0.122948148
2015,Joe Thatcher,0.107647619
2015,Sam LeCure,0.181391891
2015,Pat Neshek,0.187168627
2015,Jeff Francis,0.144444444
2015,Nate Jones,0.2557
2015,Matt Cain,0.25
2015,Sergio Santos,0.234523076
2015,Donnie Veal,0.569
2015,Jonathan Broxton,0.177081222
2015,Matt Shoemaker,0.75
2015,Vinnie Pestano,0.256920408
2015,Jeff Francoeur,0.523766666
2015,Joe Blanton,0.124594392
2015,Ryan Kelly,0.273289552
2015,Brandon Maurer,0.09416524
2015,Peter Moylan,0.090936363
2015,Justin De Fratus,0.178925316
2015,Fernando Salas,0.188371428
2015,Fernando Abad,0.248420111
2015,Jake Diekman,0.1194823
2015,Bo Schultz,0.162884615
2015,Dale Thayer,0.173924113
2015,Yohan Flande,0.124821052
2015,Josh Fields,0.110904301
2015,Franklin Morales,0.148130508
2015,Jeurys Familia,0.103171929
2015,Alexei Ramirez,0.25
2015,C.C. Lee,0.111155555
2015,Ernesto Frieri,0.249444186
2015,Edgar Ibarra,0.0625
2015,Vin Mazzaro,0.161985106
2015,Samuel Deduno,0.164163636
2015,Jose Alvarez,0.111082677
2015,Manny Banuelos,0
2015,Pedro Baez,0.165463157
2015,Jesse Chavez,0.04
2015,Arodys Vizcaino,0.108280645
2015,Dana Eveland,0.523842857
2015,Boone Logan,0.110615384
2015,Phil Coke,0.2259
2015,Jo-Jo Reyes,0
2015,Arnold Leon,0.153893203
2015,Tyler Clippard,0.135191634
2015,Brooks Brown,0.126815873
2015,Junior Guerra,0.176435294
2015,Jose De Paula,0.272745454
2015,Eric O'Flaherty,0.143651824
2015,Bruce Rondon,0.153361344
2015,Jorge Rondon,0.249988888
2015,Radhames Liz,0.16484945
2015,Jason Motte,0.139597872
2015,Gonzalez Germen,0.187728571
2015,Leury Garcia,0
2015,Jesus Sucre,0.363590909
2015,Wesley Wright,0.170315384
2015,Jonathan Papelbon,0.140269491
2015,Randall Delgado,0.12535
2015,Sugar Marimon,0.2487
2015,Kelvin Herrera,0.096019047
2015,David Murphy,0.75
2015,Brendan Ryan,0
2015,Juan Jaime,0
2015,Logan Kensing,0.1645
2015,Shaun Marcum,0.25
2015,Dellin Betances,0.088202439
2015,Diego Moreno,0.15
2015,Tom Gorzelanny,0.198512987
2015,Aaron Laffey,0.168544444
2015,Trevor Cahill,0.122789655
2015,David Phelps,0
2015,Esmil Rogers,0.163386567
2015,Al Alburquerque,0.105994871
2015,Trevor May,0.145766666
2015,Stolmy Pimentel,0.085663414
2015,Tim Stauffer,0.329793258
2015,Vance Worley,0.126990566
2015,Kevin Jepsen,0.080146031
2015,Steve Cishek,0.12155849
2015,Blaine Hardy,0.130878723
2015,Tom Koehler,0
2015,Marc Rzepczynski,0.110460583
2015,Brad Brach,0.131660854
2015,Craig Kimbrel,0.120355555
2015,Alex Colome,0.026979194
2015,Miguel Socolovich,0.06578584
2015,Cesar Cabral,0
2015,Andrew Miller,0.08923211
2015,Robbie Ross Jr.,0.159482758
2015,Sam Freeman,0.121228169
2015,Jeff Manship,0.074406201
2015,Marcos Mateo,0.216543434
2015,Collin Balester,0.246329032
2015,Clint Robinson,0
2015,Joakim Soria,0.127674193
2015,Luke Hochevar,0.179871428
2015,Yohan Pino,0.07270909
2015,Drew Storen,0.094795121
2015,Luis Garcia,0.115796183
2015,Ryan Pressly,0.061985714
2015,Alex Torres,0.168315873
2015,Pat Venditte,0.18487619
2015,Daniel Hudson,0.148474297
2015,Ryan Mattheus,0.110630088
2015,Greg Holland,0.116193251
2015,Tyler Moore,0
2015,Nick Masset,0.1559
2015,Craig Stammen,0.08786923
2015,Jake Elmore,0.5
2015,Brad Ziegler,0.075704938
2015,Preston Guilmet,0.261424137
2015,Josh Collmenter,0.136583333
2015,Casey Janssen,0.189372549
2015,Dan Otero,0.20475
2015,Dillon Gee,0.5714
2015,Javy Guerra,3.3333E-05
2015,J.A. Happ,0
2015,Austin Adams,0.153273134
2015,Mark Lowe,0.108983417
2015,Jay Jackson,0.10528421
2015,Wade Davis,0.097274672
2015,Phil Hughes,0.272745454
2015,Anthony Swarzak,0.122796491
2015,Ryan Webb,0.140878723
2015,Tommy Layne,0.112557142
2015,Evan Scribner,0.239177489
2015,Jake McGee,0.103570072
2015,Nick Vincent,0.070514606
2015,Fernando Rodriguez,0.108776744
2015,Colt Hynes,0.0625
2015,Tommy Milone,0
2015,Carlos Torres,0.145189592
2015,Neil Ramirez,0.162415384
2015,Juan Nicasio,0.124495348
2015,Mike Fiers,0.27270909
2015,Bobby LaFromboise,0.178542857
2015,Shawn Kelley,0.106780645
2015,Hunter Strickland,0.111775977
2015,Jerry Blevins,0
2015,Andrew Albers,0.333344444
2015,Christian Friedrich,0.13277094
2015,Jaff Decker,0.2
2015,Cory Gearrin,3.3333E-05
2015,Matt West,0.1
2015,Anthony Bass,0.169753061
2015,Jason Gurka,0.243275675
2015,Eric Stults,9.09E-06
2015,Glen Perkins,0.159696916
2015,Will Smith,0.138332203
2015,Dan Jennings,0.08488372
2015,Bryan Shaw,0.152642622
2015,Kevin Siegrist,0.120732835
2015,Nick Greenwood,1.5
2015,Steven Wright,0.182917948
2015,David Robertson,0.137014893
2015,J.P. Howell,0.070940462
2015,Huston Street,0.135221739
2015,Ross Ohlendorf,0.198332467
2015,Tony Sipp,0.135101522
2015,JC Ramirez,0.148893617
2015,Lucas Luetge,0
2015,A.J. Ramos,0.112377551
2015,Steve Geltz,0.140957142
2015,Deolis Guerra,0.300028571
2015,Adam Wilk,0.375
2015,Ike Davis,0.142814285
2015,Jenrry Mejia,0.09
2015,Danny Farquhar,0.228762311
2015,Jeff Beliveau,0.357114285
2015,Michael Kohn,0
2015,Rob Wooten,0.328054545
2015,Justin Miller,0.127084745
2015,Dustin McGowan,0.270570588
2015,Donovan Hand,0.090927272
2015,Tanner Roark,0.177048538
2015,Oliver Drake,0.106655737
2015,Antonio Bastardo,0.097953846
2015,Ryan Cook,0.297904255
2015,Matt Reynolds,0.333292592
2015,Arquimedes Caminero,0.129713167
2015,Adam Warren,0.125633333
2015,Jeanmar Gomez,0.106361016
2015,J.J. Hoover,0.175571428
2015,John Axford,0.094951851
2015,Alexi Amarista,0
2015,Kirby Yates,0.392866666
2015,Zach Putnam,0.169427272
2015,Brad Hand,0.09541223
2015,Casey Kelly,0.090954545
2015,Kyle Lobstein,0.1875
2015,Koji Uehara,0.14345906
2015,Alex Wilson,0.104674193
2015,Simon Castro,0.090674358
2015,David Carpenter,0.411805882
2015,Rob Scahill,0.142504065
2015,Dylan Axelrod,0.3243
2015,Jared Hughes,0.1037
2015,Kris Medlen,0.08
2015,Zac Rosscup,0.276671844
2015,Doug Fister,0.13095238
2015,Dan Straily,-3.3334E-05
2015,George Kontos,0.141146268
2015,Jeremy Jeffress,0.103994552
2015,Bud Norris,0.231812844
2015,Michael Blazek,0.093
2015,Vidal Nuno,0.110314285
2015,Adam Rosales,0.7778
2015,Louis Coleman,0.111122222
2015,Burke Badenhop,0.116715384
2015,David Hale,0.269128571
2015,Rex Brothers,0.141578378
2015,Sergio Romo,0.117330414
2015,Chaz Roe,0.169159872
2015,Travis Wood,0.072146153
2015,Mike Broadway,0.180688235
2015,Chris Rusin,0.076892307
2015,Chris Volstad,1.4285E-05
2015,Pedro Villarreal,0.151744329
2015,Bobby Parnell,0.049791397
2015,Brandon Kintzler,0.161287096
2015,Todd Redmond,0.208366666
2015,Mike Dunn,0.158736453
2015,Tom Wilhelmsen,0.126735087
2015,Keyvius Sampson,0
2015,Ian Krol,0.171903703
2015,Caleb Cotham,0.33296279
2015,Caleb Thielbar,0.065789473
2015,Brad Boxberger,0.148268376
2015,Nick Franklin,0.666666666
2015,Jose Ramirez,0.230784615
2015,Edgar Olmos,0.084030769
2015,Aroldis Chapman,0.056094117
2015,Bryan Morris,0.098652459
2015,Ariel Pena,0.181836363
2015,Rafael Martin,0.290612244
2015,Alexi Ogando,0.211019672
2015,Tanner Scheppers,0.180675675
2015,Ryan Tepera,0.226868067
2015,Jarred Cosart,0.055588888
2015,Roman Mendez,0.204095918
2015,Erasmo Ramirez,0.133355555
2015,Michael Tonkin,0.150363636
2015,Chad Jenkins,0.214271428
2015,Giovanni Soto,-3.077E-05
2015,Aaron Loup,0.178592397
2015,Carlos Contreras,0.167140776
2015,Mychal Givens,0.123755555
2015,Taylor Jordan,0.053114285
2015,Shawn Tolleson,0.151081159
2015,Yoervis Medina,0.174460465
2015,Jake Petricka,0.091958375
2015,Daniel Webb,0.13751746
2015,Addison Reed,0.132365158
2015,Scott Alexander,-4.762E-06
2015,Seth Rosin,0.50760909
2015,Adam Liberatore,0.153828571
2015,Andrew Bellatti,0.204561728
2015,Tyler Thornburg,0.190010447
2015,Scott Copeland,0.133333333
2015,Drew Hutchison,0.363681818
2015,Trevor Rosenthal,0.074038461
2015,Shane Greene,3.3333E-05
2015,Tyler Cravy,0.122648837
2015,Mike Foltynewicz,0.214257142
2015,Michael Mariot,0.3
2015,Asher Wojciechowski,3.3333E-05
2015,Chasen Shreve,0.178851162
2015,Christian Bergman,0.19401194
2015,Kenneth Roberts,0.12205862
2015,Josh Smith,0.363672727
2015,Jake Buchanan,0.230796774
2015,Ryan O'Rourke,0.1424
2015,Christopher Rearick,0.725246153
2015,Yhonathan Barrios,0.045418181
2015,Vince Velasquez,0.166639393
2015,C.J. Riefenhauser,0.236733962
2015,Kevin Chapman,0.210552631
2015,Aaron Barrett,0.079633628
2015,Rob Rasmussen,0.15492676
2015,Tyler Lyons,0.194158823
2015,Tommy Kahnle,0.15106129
2015,A.J. Achter,0.24996923
2015,Daniel Burawa,0.162104347
2015,Anthony Ranaudo,0.268518518
2015,Drew Pomeranz,0.109519178
2015,A.J. Schugel,0.217356521
2015,Matt Grace,0.091656164
2015,Sammy Solis,0.114448837
2015,A.J. Cole,0.111096296
2015,Bryan Mitchell,0.122455102
2015,Aaron Sanchez,0.046422222
2015,Jeff Ferrell,0.250211111
2015,Brandon Cunniff,0.137156692
2015,Josh Osich,0.149336363
2015,Jose Dominguez,0.0699
2015,Jose Urena,0.173923076
2015,Williams Perez,0.230784615
2015,Heath Hembree,0.216526804
2015,Mayckol Guaipe,0.210180582
2015,Carlos Martinez,0.044117647
2015,Sam Dyson,0.079343727
2015,Erik Goeddel,0.089835593
2015,Justin Grimm,0.112256321
2015,Luke Jackson,0.16
2015,Kyle Ryan,0.072337623
2015,Hansel Robles,0.207071794
2015,Hector Neris,0.220916129
2015,Steve Delabar,0.218685714
2015,Chris Martin,0.119613043
2015,Brett Bochy,0
2015,Michael Feliz,0.242451515
2015,David Rollins,0.180764485
2015,Matt Andriese,0.154464227
2015,J.R. Graham,0.176881512
2015,Scott McGough,0.096770967
2015,Felipe Rivero,0.097754545
2015,Branden Pinder,0.226681308
2015,Yimi Garcia,0.131358208
2015,Kendry Flores,0
2015,Jason Garcia,0.162728571
2015,Matt Stites,0.167315789
2015,David Goforth,0.184249494
2015,Cody Martin,0.243214893
2015,Cody Allen,0.0884875
2015,Akeel Morris,0.6
2015,Keith Hessler,0.320741509
2015,Cody Hall,0.111088888
2015,Seth Maness,0.145415139
2015,Daniel Winkler,0.857157142
2015,Matthew Tracy,0.111133333
2015,Nefi Ogando,0.10528421
2015,Colton Murray,0.228557142
2015,Aaron Brooks,0.363675757
2015,Leonel Campos,0.25
2015,Evan Marshall,0.232185714
2015,Chris Bassitt,0.108143243
2015,Kevin Quackenbush,0.134463594
2015,Spencer Patton,0.2419
2015,John Cornely,0.5
2015,Nick Tropeano,0.25
2015,Drew Rucinski,0.1875
2015,Taylor Hill,0.21743913
2015,Cory Mazzoni,0.308034042
2015,Tony Cingrani,0.16970909
2015,Jack Leathersich,0.06820909
2015,Blake Treinen,0.096360655
2015,Mike Wright,0.166633333
2015,Nathan Karns,0.250033333
2015,Guido Knudson,0.678557142
2015,Roenis Elias,0
2015,Phil Klein,0.073153658
2015,Tyler Wilson,0.105134146
2015,Trevor Bauer,0.25
2015,Adrian Houser,-3.3334E-05
2015,Nick Martinez,0.0625
2015,Rafael Montero,0.222244444
2015,Jairo Diaz,0.111133333
2015,Sean Gilmartin,0.079348717
2015,Noe Ramirez,0.192307692
2015,Chris Reed,0.0221
2015,Carter Capps,0.077890654
2015,Matt Wisler,0
2015,Alex Meyer,0.575790909
2015,Elvis Araujo,0.074873643
2015,Shawn Armstrong,0.178542857
2015,Matt Barnes,0.206648905
2015,Andrew McKirahan,0.097755172
2015,Tony Zych,0.1167
2015,Alex Claudio,0.27028421
2015,Logan Verrett,0.160148351
2015,Ken Giles,0.065627881
2015,Abel De Los Santos,0.428585714
2015,Joe Ross,1.8181E-05
2015,Andrew Faulkner,0.189205405
2015,Andrew Chafin,0.0964
2015,Tsuyoshi Wada,0.4
2015,Frank Garces,0.216508633
2015,Carson Smith,0.069704761
2015,Daniel Coulombe,0.11115238
2015,James Pazos,0.009770588
2015,Cam Bedrosian,0.143093939
2015,Paco Rodriguez,0.059389473
2015,R.J. Alvarez,0.324994117
2015,Angel Nesbitt,0.129742168
2015,Drew VerHagen,0.046644444
2015,Mike Morin,0.147311764
2015,Samuel Tuivailala,0.192952631
2015,Chad Smith,0.111066666
2015,Carl Edwards Jr.,0.0625
2015,Nick Goody,0.136390909
2015,Kyle Barraclough,0.106410256
2015,Dominic Leone,0.195163492
2015,Roberto Osuna,0.161597609
2015,Ian Thomas,0.154158823
2015,Scott Oberg,0.206589908
2015,Ryan Dull,0.240677966
2015,Raudel Lazo,0.296509523
2015,Kevin Gausman,0.200782608
2015,Miguel Almonte,0.363657575
2015,Dario Alvarez,0.420833333
2015,Frankie Montas,0.0357
2015,Kyuji Fujikawa,0.428585714
2015,Adam Conley,0.199966666
2015,Jose Valdez,0.257157142
2015,Chi Chi Gonzalez,0.224889473
2015,Keone Kela,0.094792857
2015,Jonathan Aro,0.280336363
2015,Tyler Olson,0.262853846
2015,Buck Farmer,0.238082539
2015,Michael Lorenzen,0.20685862
2015,Zack Godley,0.076892307
2015,Nick Rumbelow,0.158698412
2015,Corey Knebel,0.210505263
2015,Kyle Crockett,0.101775
2015,Trevor Gott,0.079606741
2015,Silvino Bracho,0.2
2015,Matt Marksberry,0.173930337
2015,Matt Boyd,0.333366666
2015,Dalier Hinojosa,0.055522222
2015,Miguel Castro,0.275680281
2015,Odrisamer Despaigne,0.2732
2015,Carlos Rodon,0.1186
2015,Brandon Finnegan,0.135692307
2015,Jacob Lindgren,0.425
2015,Raisel Iglesias,0.125
2015,Brian Ellington,0.117918181
2016,Neftali Feliz,0.205226424
2016,Xavier Cedeno,0.08850191
2016,Zach Phillips,0.222218518
2016,Bartolo Colon,0
2016,Fernando Rodney,0.100794514
2016,Jason Grilli,0.21308785
2016,Scott Carroll,0.125
2016,Ryan Vogelsong,0.228071929
2016,Jake Peavy,0.227281818
2016,Joe Nathan,0.1667
2016,Jerome Williams,0.254155555
2016,Tommy Hunter,0.0802625
2016,Andrew Romine,0
2016,R.A. Dickey,0
2016,Matt Bush,0.08825
2016,Adam Ottavino,0.091810204
2016,Curtis Partch,0
2016,Blake Wood,0.162849825
2016,Andrew Bailey,0.196563636
2016,Joaquin Benoit,0.111481818
2016,Oliver Perez,0.146956862
2016,Sean Doolittle,0.209066433
2016,Francisco Rodriguez,0.145842857
2016,Javier Lopez,0.1224
2016,Chris Capuano,0.288844444
2016,Chin-hui Tsao,-3.3334E-05
2016,Matt Belisle,0.093627272
2016,Edwin Jackson,0.195095121
2016,Ryan Madson,0.129673469
2016,Sean Burnett,0.238090476
2016,Matt Thornton,0.157128571
2016,Cory Luebke,0.275125641
2016,Ivan Nova,0.147871428
2016,Jorge de la Rosa,0.11536923
2016,Chien-Ming Wang,0.153695238
2016,Adam Loewen,0.162845454
2016,Chris Narveson,0.285728571
2016,Alfredo Simon,0.335656756
2016,Chad Qualls,0.202846099
2016,Blaine Boyer,0.115647328
2016,Joel Peralta,0.323630275
2016,Hector Rondon,0.158579144
2016,Cory Rasmus,0.117641176
2016,Darwin Barney,0.75
2016,Jhoulys Chacin,0.074096296
2016,Brian Matusz,0.384877777
2016,Brett Cecil,0.162286206
2016,Joba Chamberlain,0.152129411
2016,Ross Detwiler,0.283721276
2016,Santiago Casilla,0.168661032
2016,Luis Avilan,0.01977647
2016,Zach McAllister,0.143415228
2016,Jeff Locke,0.1813
2016,Josh Ravin,0.161306451
2016,Kenley Jansen,0.105036752
2016,Tony Watson,0.183761983
2016,Will Harris,0.073872881
2016,Chris Young,0.099544961
2016,Francisco Liriano,0.5
2016,Tyler Ladendorf,0
2016,T.J. McFarland,0.195773195
2016,Zach Britton,0.047510638
2016,Joe Smith,0.143934554
2016,Anibal Sanchez,0.2119
2016,Chris Hatcher,0.223083544
2016,Darren O'Day,0.205103418
2016,Cesar Ramos,0.339048148
2016,Miguel Montero,0
2016,Ubaldo Jimenez,0.3
2016,Jumbo Diaz,0.181526708
2016,Drew Butera,0.2
2016,Danny Duffy,0.121247058
2016,Clay Buchholz,0.101196296
2016,Carlos Frias,0.071385714
2016,Liam Hendriks,0.1330375
2016,Clayton Richard,0.08407647
2016,Tony Barnette,0.097422869
2016,Jim Johnson,0.095978512
2016,Logan Ondrusek,0.269184615
2016,Mat Latos,0.260895652
2016,Matt Buschmann,0.214242857
2016,Zach Duke,0.080817647
2016,Brett Oberholtzer,0.259494117
2016,Rubby de la Rosa,0.3
2016,Gavin Floyd,0.162571428
2016,Enrique Burgos,0.179866666
2016,Casey Fien,0.311936708
2016,Matt Magill,0.238128571
2016,Enny Romero,0.156748837
2016,Yusmeiro Petit,0.19685
2016,Steve Johnson,0.161979365
2016,Brian Duensing,0.173076923
2016,Pedro Strop,0.110384337
2016,Junichi Tazawa,0.188791666
2016,James Russell,0.352804761
2016,Luke Gregerson,0.155538461
2016,Carlos Villanueva,0.260533333
2016,Derek Holland,-4.2858E-05
2016,David Hernandez,0.171196491
2016,Mark Melancon,0.068288235
2016,Matt Albers,0.256957425
2016,Justin Wilson,0.130441379
2016,Kyle Drabek,-4.2858E-05
2016,Craig Breslow,0.109617241
2016,Erik Kratz,4.5454E-05
2016,Jon Niese,0.255014285
2016,Jordan Zimmermann,0.1667
2016,Chris Smith,0.109688235
2016,Brandon McCarthy,0.4
2016,Pat Neshek,0.175005882
2016,Nate Jones,0.122023809
2016,Matt Cain,0.071917647
2016,Jonathan Broxton,0.141538766
2016,Joe Blanton,0.118259154
2016,Mike Montgomery,0.068382758
2016,Brandon Maurer,0.148215384
2016,Peter Moylan,0.110493413
2016,Joseph Colon,0.232527906
2016,Fernando Salas,0.189217647
2016,Fernando Abad,0.110480459
2016,Jake Diekman,0.1125
2016,Bo Schultz,0.20725
2016,Yohan Flande,0.2794
2016,Josh Fields,0.195155172
2016,Franklin Morales,0.214271428
2016,Scott Diamond,0.2
2016,Jeurys Familia,0.058223776
2016,Kelvin Marte,0.400033333
2016,Mike Pelfrey,0.125
2016,Wade LeBlanc,0.183467741
2016,Blake Parker,0.102941176
2016,Vin Mazzaro,0.272690909
2016,Jose Alvarez,0.107561344
2016,Brad Peacock,0.24
2016,Pedro Baez,0.163905243
2016,Jesse Chavez,0.184938697
2016,Arodys Vizcaino,0.092468831
2016,Dana Eveland,0.180516666
2016,Ruben Tejada,1.2
2016,Boone Logan,0.149283435
2016,Phil Coke,0.216186486
2016,Jo-Jo Reyes,0.222255555
2016,Arnold Leon,0.4
2016,Tyler Clippard,0.176182905
2016,Eric O'Flaherty,0.174703278
2016,Bruce Rondon,0.136660629
2016,Jorge Rondon,0.315773684
2016,Jhan Marinez,0.120369037
2016,Jason Motte,0.309036734
2016,Gonzalez Germen,0.191745454
2016,Jonathan Papelbon,0.147958394
2016,Randall Delgado,0.17548969
2016,Kelvin Herrera,0.121886466
2016,Eduardo Escobar,0
2016,Logan Kensing,0.05258421
2016,Albert Suarez,0.204394505
2016,Dustin Molleken,0.092366666
2016,Dellin Betances,0.098507462
2016,Tom Gorzelanny,0.230761538
2016,Trevor Cahill,0.113577292
2016,Scott Feldman,0.168707692
2016,David Phelps,0.097297297
2016,Al Alburquerque,0.3
2016,Trevor May,0.214328571
2016,Vance Worley,0.153987603
2016,Kevin Jepsen,0.263127918
2016,Steve Cishek,0.143096551
2016,Blaine Hardy,0.123737373
2016,Marc Rzepczynski,0.075077777
2016,Brad Brach,0.115187632
2016,Jim Henderson,0.215353284
2016,Craig Kimbrel,0.104934782
2016,Alex Colome,0.100520095
2016,J.B. Shuck,0.25
2016,Miguel Socolovich,0.139437931
2016,Tyler Sturdevant,0.098936363
2016,Andrew Miller,0.134793129
2016,Robbie Ross Jr.,0.069062135
2016,Sam Freeman,0.264963636
2016,Jeff Manship,0.182186746
2016,Chase Anderson,0.444477777
2016,Eddie Gamboa,0.086908695
2016,Joakim Soria,0.192164341
2016,Luke Hochevar,0.193058394
2016,Drew Storen,0.175244444
2016,Luis Garcia,0.1866
2016,Ryan Pressly,0.143340404
2016,Miguel Gonzalez,0
2016,Pat Venditte,0.26518372
2016,Dustin Antolin,0.4
2016,Daniel Hudson,0.14462314
2016,Chris Withrow,0.122282352
2016,Brad Ziegler,0.07693035
2016,Josh Collmenter,0.195783132
2016,Chris Gimenez,0.384607692
2016,Dan Otero,0.07665625
2016,Dillon Gee,0.142490099
2016,Javy Guerra,0.181790909
2016,Austin Adams,0.345712345
2016,Mark Lowe,0.289228571
2016,Wade Davis,0.031838216
2016,Phil Hughes,0
2016,Anthony Swarzak,0.315121739
2016,Ryan Webb,0.109552054
2016,Tommy Layne,0.095981366
2016,Evan Scribner,0.113522222
2016,Jake McGee,0.220405376
2016,Nick Vincent,0.189813973
2016,Fernando Rodriguez,0.121771328
2016,Jordan Lyles,0.12769281
2016,Tommy Milone,0.330085714
2016,Carlos Torres,0.1469
2016,Wilfredo Boscan,0.05
2016,Neil Ramirez,0.345823255
2016,Juan Nicasio,0.137992452
2016,Mike Fiers,0.055588888
2016,Shawn Kelley,0.210343601
2016,Richard Bleier,0.084053488
2016,Hunter Strickland,0.087009734
2016,Jerry Blevins,0.109010191
2016,Andrew Albers,0.21737826
2016,Ryan Flaherty,0.714257142
2016,Christian Friedrich,0
2016,Cory Gearrin,0.130311111
2016,Frank Herrmann,0.408306451
2016,Jason Gurka,0.199328571
2016,Paul Clemens,0.223745454
2016,Glen Perkins,0.2455
2016,Will Smith,0.126116438
2016,Dan Jennings,0.086363636
2016,Bryan Shaw,0.146885596
2016,Jaime Garcia,0.15
2016,Kevin Siegrist,0.181559633
2016,Brett Anderson,0.076938461
2016,David Robertson,0.131578602
2016,J.P. Howell,0.114759798
2016,Huston Street,0.231917391
2016,Ross Ohlendorf,0.219715261
2016,Tony Sipp,0.293071428
2016,JC Ramirez,0.154133333
2016,A.J. Ramos,0.052786266
2016,Steve Geltz,0.338957425
2016,Deolis Guerra,0.145944497
2016,Buddy Boshers,0.132786524
2016,Danny Farquhar,0.215154744
2016,Justin Miller,0.221204761
2016,Dustin McGowan,0.142175206
2016,Tanner Roark,0
2016,Andrew Cashner,0
2016,Oliver Drake,0.184284848
2016,Antonio Bastardo,0.191975
2016,Matt Reynolds,0.053333333
2016,Arquimedes Caminero,0.174982845
2016,Adam Warren,0.179607142
2016,Jeanmar Gomez,0.132818518
2016,J.J. Hoover,0.4048
2016,John Axford,0.115147619
2016,Alexi Amarista,0
2016,Kirby Yates,0.141526415
2016,Zach Putnam,0.084032673
2016,Brad Hand,0.119993498
2016,T.J. House,0.0385
2016,Nathan Eovaldi,0
2016,Sean O'Sullivan,0.2
2016,Tim Melville,0.63640909
2016,Casey Kelly,0.104671428
2016,Kyle Lobstein,0.1396
2016,Koji Uehara,0.2012
2016,Alex Wilson,0.141588888
2016,Rob Scahill,0.092164661
2016,Josh Phegley,0
2016,Buddy Baumann,0.028571428
2016,Patrick Corbin,0.097587804
2016,Jared Hughes,0.172364285
2016,Brandon Morrow,0.14318387
2016,Josh Tomlin,3.3333E-05
2016,Ryan Buchter,0.128835849
2016,Dan Straily,0.107185714
2016,George Kontos,0.090791666
2016,Jeremy Jeffress,0.082233333
2016,Bud Norris,0.138336842
2016,Michael Blazek,0.222846107
2016,Vidal Nuno,0.189785844
2016,Louis Coleman,0.172066666
2016,David Hale,0.3
2016,Joe Kelly,0.093775
2016,Blake Smith,0.2
2016,Ryan Goins,0
2016,Sergio Romo,0.190872727
2016,Chaz Roe,0.172031775
2016,Michael Kirkman,0.285714285
2016,Travis Wood,0.186755752
2016,Mike Broadway,0.291666666
2016,Chris Rusin,0.1289
2016,A.J. Morris,0.24288421
2016,Bobby Parnell,0.136345454
2016,Brandon Kintzler,0.121496261
2016,Mike Dunn,0.141705031
2016,Tom Wilhelmsen,0.258440106
2016,Christian Bethancourt,-3.3334E-05
2016,Patrick Schuster,0.2679
2016,Keyvius Sampson,0.266490163
2016,Ashur Tolliver,0.157852631
2016,Ian Krol,0.108184422
2016,Caleb Cotham,0.161047474
2016,Brad Boxberger,0.100526086
2016,Ryan Weber,0.169476271
2016,Jose Ramirez,0.149506779
2016,Jacob Turner,0.240431884
2016,Aroldis Chapman,0.069700985
2016,Bryan Morris,0.206344444
2016,Ariel Pena,0.999955555
2016,Rafael Martin,0
2016,Alexi Ogando,0.135062393
2016,Justin Marks,0.121233333
2016,Tanner Scheppers,0.125
2016,Josh Smoker,0.199966666
2016,Ryan Tepera,0.071669863
2016,Chris Heston,0.245063636
2016,Erasmo Ramirez,0.19185
2016,Michael Tonkin,0.211710489
2016,Edwin Escobar,0.215407692
2016,Juan Minaya,0.1
2016,Aaron Loup,0.2273
2016,Robbie Erlin,0.083366666
2016,Brooks Pounders,0.358203703
2016,Mychal Givens,0.121852238
2016,Shawn Tolleson,0.19326242
2016,Hunter Cervenka,0.132926315
2016,Drew Hayes,0.285757142
2016,Dean Kiekhefer,0.139390909
2016,Jake Petricka,0.175233333
2016,Daniel Webb,0
2016,Addison Reed,0.087506293
2016,Scott Alexander,0.109352631
2016,Donn Roach,0.261666666
2016,Madison Younginer,0.125
2016,Adam Liberatore,0.112432258
2016,Tyler Thornburg,0.132617021
2016,Ryan LaMarre,0.2
2016,Drew Hutchison,0.29965
2016,Trevor Rosenthal,0.093246341
2016,Shane Greene,0.106968539
2016,Tyler Cravy,0.041092207
2016,Josh Edgin,0.094951351
2016,Michael Mariot,0.222244444
2016,Chasen Shreve,0.2738
2016,Jared Hoying,0.75
2016,Perci Garner,0.051274358
2016,Christian Bergman,0.283773913
2016,Josh Smith,0.191586069
2016,Jake Buchanan,0.75
2016,Ryan O'Rourke,0.12183908
2016,Chase Whitley,0.1
2016,Ben Rowen,1.5789E-05
2016,Grant Dayton,0.138334042
2016,Kevin Chapman,0.131615789
2016,Bryan Holaday,0
2016,Zach Neal,0.152360273
2016,Tyler Lyons,0.201208771
2016,Pat Dean,0.191080582
2016,Tyrell Jenkins,0.1939
2016,Tommy Kahnle,0.121233333
2016,A.J. Achter,0.2075
2016,Danny Barnes,0.108349019
2016,Tyler Holt,0
2016,Alex Wimmers,0.177279661
2016,Anthony Ranaudo,0.1595
2016,Drew Pomeranz,0
2016,A.J. Schugel,0.105252631
2016,Johnny Barbato,0.14
2016,Matt Grace,0
2016,Sammy Solis,0.085817006
2016,Joely Rodriguez,0.029405882
2016,Parker Bridwell,0.428614285
2016,Brandon Cunniff,0.194466666
2016,Josh Osich,0.206056934
2016,Dayan Diaz,0.358903703
2016,Jose Dominguez,0.147815151
2016,Conor Mullee,0
2016,Jose Urena,0.186852941
2016,Heath Hembree,0.142643902
2016,Mayckol Guaipe,0.043644827
2016,Vicente Campos,0.272745454
2016,Tayron Guerrero,0.125
2016,Sam Dyson,0.10176124
2016,Erik Goeddel,0.171855319
2016,Justin Grimm,0.129384079
2016,Luke Jackson,0.309581132
2016,Kyle Ryan,0.110663414
2016,Justin Nicolino,0.005366666
2016,Noah Syndergaard,0
2016,Hansel Robles,0.147244444
2016,Hector Neris,0.139041095
2016,Steve Delabar,0.206910344
2016,Michael Feliz,0.152183739
2016,David Rollins,0.2
2016,Matt Andriese,0.138031578
2016,Brian Flynn,0.106817486
2016,J.R. Graham,0.25
2016,Kyle Hendricks,0
2016,Felipe Rivero,0.120450349
2016,Branden Pinder,0
2016,Yimi Garcia,0.037644827
2016,David Goforth,0.294158823
2016,Cody Martin,0.097885714
2016,Cody Allen,0.150275862
2016,Keith Hessler,0.184845454
2016,Cody Hall,0.384607692
2016,Seth Maness,0.149554838
2016,Daniel Winkler,0
2016,Nefi Ogando,0.021028571
2016,Colton Murray,0.228234959
2016,Leonel Campos,0.178161728
2016,Evan Marshall,0.214285714
2016,Colin Rea,0.25
2016,Jacob Barnes,0.086530612
2016,Kevin Quackenbush,0.198023348
2016,Spencer Patton,0.139493023
2016,Taylor Motter,0
2016,Seth Lugo,0.058322222
2016,Tony Cingrani,0.137379039
2016,Blake Treinen,0.113533333
2016,Adam Morgan,0.307661538
2016,Mike Wright,0.0857
2016,Nathan Karns,0.21820909
2016,Roenis Elias,0.222266666
2016,Phil Klein,0.2
2016,Tyler Wilson,0.129429411
2016,Trevor Bauer,0.065575409
2016,Nick Martinez,0.1429
2016,Rafael Montero,0.171457142
2016,Chris Devenski,0.087176816
2016,Sean Gilmartin,0.176
2016,Cody Anderson,0.219150684
2016,Noe Ramirez,0.318953061
2016,Matt Wisler,0
2016,Mike Clevinger,0.0682
2016,Joel De La Cruz,0.190342622
2016,Matt Purke,0.152755555
2016,Alex Meyer,0.125
2016,Elvis Araujo,0.186771428
2016,Shawn Armstrong,0.111305263
2016,Matt Barnes,0.1269
2016,Tony Zych,0.087566666
2016,Alex Claudio,0.090843137
2016,Logan Verrett,0.254159055
2016,Ken Giles,0.17064375
2016,Dylan Bundy,0.114618543
2016,Gabriel Ynoa,0.076612903
2016,Abel De Los Santos,0.1957
2016,Joe Musgrove,2.8571E-05
2016,Mauricio Cabrera,0.049815942
2016,Andrew Faulkner,0.321442857
2016,Andrew Chafin,0.097141176
2016,Robby Scott,0.011827272
2016,Taylor Jungmann,0
2016,Derek Law,0.107351219
2016,Jayson Aquino,0
2016,Luis Sardinas,0
2016,Jed Bradley,0.125315384
2016,Carson Smith,0
2016,Adalberto Mejia,0.219663636
2016,Joe Biagini,0.106302255
2016,Warwick Saupold,0.133827906
2016,Ross Stripling,0.10593908
2016,Matt Carasiti,0.219789552
2016,Daniel Coulombe,0.140677192
2016,Jake Barrett,0.15577037
2016,James Pazos,0.5
2016,William Cuevas,0.133964705
2016,Luis Cessa,0.2671
2016,Cam Bedrosian,0.042775862
2016,Brady Rodgers,0.249966666
2016,Dylan Floro,0.080942424
2016,Damien Magnifico,0.0182
2016,Felix Pena,0.0937
2016,Chris Beck,0.148501941
2016,Matt Koch,0.166666666
2016,Drew VerHagen,0.226401234
2016,Pat Light,0.229727027
2016,Mike Morin,0.1286
2016,Taylor Rogers,0.141526446
2016,Eddie Butler,0.2043
2016,Daniel Norris,0
2016,Samuel Tuivailala,0.025633333
2016,Matt Bowman,0.110309302
2016,Andrew Triggs,0.16111746
2016,Steven Okert,0.129588888
2016,Shawn Morimando,0.363627272
2016,Carl Edwards Jr.,0.124901639
2016,John Gant,0.228380519
2016,Nick Goody,0.278923008
2016,Ryan Merritt,0.05
2016,Robert Gsellman,0.0833
2016,Kyle Barraclough,0.06518125
2016,Michael Roth,0.571419047
2016,Chris Stratton,0.105236842
2016,Dominic Leone,0.270773913
2016,Roberto Osuna,0.149059925
2016,J.T. Chargois,0.084693023
2016,Daniel Stumpf,0.245063636
2016,Alex Wood,3.3333E-05
2016,Tyler Wagner,0.072589473
2016,Matt Strahm,0.0289
2016,Alec Mills,0.153815384
2016,Scott Oberg,0.118837623
2016,Brent Suter,0.023785714
2016,Ryan Dull,0.166942379
2016,Ryan Garton,0.133805031
2016,Michael Wacha,0.385151851
2016,Michael Ynoa,0.077545454
2016,Shae Simmons,0.08
2016,Dario Alvarez,0.188984313
2016,Wandy Peralta,0.193587096
2016,Ty Blach,0.052663157
2016,Tyler Glasnow,0.074033333
2016,Jake Smith,0.2667
2016,Yohander Mendez,0.133366666
2016,Gerardo Concepcion,0.2778
2016,Jose Valdez,0.226171428
2016,J.B. Wendelken,0.181790909
2016,Jose Leclerc,0.138653846
2016,Carlos Estevez,0.154723076
2016,James Hoyt,0.220221518
2016,Jandel Gustave,0.160757142
2016,Luis Perdomo,0.212885185
2016,Keone Kela,0.210144881
2016,Severino Gonzalez,0.206014285
2016,Jonathan Aro,3.3333E-05
2016,Edwin Diaz,0.110583417
2016,Tyler Olson,0.2273
2016,Julio Urias,0.1471
2016,Buck Farmer,0.175793406
2016,Michael Lorenzen,0.109333333
2016,Matt Dermody,0.266666666
2016,Joe Mantiply,0.346153846
2016,Zack Godley,0.200942424
2016,Jason Hursh,0
2016,Jose Torres,0.166666666
2016,Corey Knebel,0.12007874
2016,Alex Reyes,0.090170175
2016,Kyle Crockett,0.133096774
2016,German Marquez,0.060633333
2016,Trevor Gott,0.083333333
2016,Silvino Bracho,0.28845238
2016,Matt Marksberry,0.2667
2016,Rob Zastryzny,0.026330434
2016,Ben Heller,0.352970588
2016,Tyler Danish,-3.3334E-05
2016,Braden Shipley,0.235258823
2016,Daniel Wright,0.371833333
2016,Kevin McCarthy,0.151542857
2016,Steven Brault,0.307730769
2016,Steve Hathaway,0.152527118
2016,Layne Somsen,0.461576923
2016,Donnie Hart,0.073464516
2016,Matt Boyd,0
2016,Mike Mayers,0.190011111
2016,Lucas Giolito,0.434808695
2016,Chad Girodo,0.268285365
2016,Chad Green,0.011748387
2016,Tyler White,0.75
2016,Nick Wittgren,0.133210659
2016,Dillon Overton,0.309557142
2016,Dalier Hinojosa,0.1061
2016,Miguel Castro,0.221566666
2016,Adam Plutko,0.25
2016,Sean Manaea,0.222188888
2016,Luis Severino,0.052594736
2016,Cody Ege,0.238717391
2016,Odrisamer Despaigne,0.18627931
2016,Edubray Ramos,0.150291891
2016,Reynaldo Lopez,0.133333333
2016,Dan Altavilla,0.049788888
2016,Jonathan Holder,0.169354838
2016,Zac Curtis,0.176472549
2016,Brock Stewart,-1.4286E-05
2016,Greg Mahle,0.223446575
2016,Luke Weaver,0.666633333
2016,Trevor Williams,0.3
2016,Raisel Iglesias,0.0871
2016,Brian Ellington,0.112878512
2016,Austin Brice,0.153823076
2016,David Paulino,4.6153E-05
2016,Jeff Hoffman,0.0667
2016,Ariel Miranda,0.375
2016,Koda Glover,0.186666666
2016,Carson Fulmer,0.204572727
2016,Seung Hwan Oh,0.081265517
